 JDAY,WB,VOLIN(m3),VOLPR(m3),VOLOUT(m3),VOLWD(m3),VOLEV(m3),VOLDT(m3),VOLTRB(m3),VOLICE(m3),%VOLerror,
 35536.042,   1,  0.25386181E+05,   0.00000000E+00,  -0.30638664E+05,   0.00000000E+00,   0.00000000E+00,   0.10830056E+03,   0.00000000E+00,   0.00000000E+00,  -0.78498434E-09,
 35537.042,   1,  0.91583813E+07,   0.00000000E+00,  -0.11807541E+08,   0.00000000E+00,   0.00000000E+00,   0.38819733E+05,   0.00000000E+00,   0.00000000E+00,  -0.11967324E-10,
 35538.042,   1,  0.18038395E+08,   0.00000000E+00,  -0.23911002E+08,   0.00000000E+00,   0.00000000E+00,   0.95734464E+05,   0.00000000E+00,   0.00000000E+00,  -0.63513995E-11,
 35539.042,   1,  0.26768344E+08,   0.00000000E+00,  -0.36158068E+08,   0.00000000E+00,   0.00000000E+00,   0.20143235E+06,   0.00000000E+00,   0.00000000E+00,  -0.48650010E-12,
 35540.042,   1,  0.34896859E+08,   0.00000000E+00,  -0.48251169E+08,   0.00000000E+00,   0.00000000E+00,   0.36465544E+06,   0.00000000E+00,   0.00000000E+00,  -0.21938124E-11,
 35541.043,   1,  0.41699785E+08,   0.00000000E+00,  -0.60478289E+08,   0.00000000E+00,   0.00000000E+00,   0.49200311E+06,   0.00000000E+00,   0.00000000E+00,  -0.13648205E-11,
 35542.042,   1,  0.49454395E+08,   0.00000000E+00,  -0.73271656E+08,   0.00000000E+00,   0.00000000E+00,   0.57180928E+06,   0.00000000E+00,   0.00000000E+00,  -0.22115197E-11,
 35543.046,   1,  0.59724927E+08,   0.00000000E+00,  -0.86957419E+08,   0.00000000E+00,   0.00000000E+00,   0.65963072E+06,   0.00000000E+00,   0.00000000E+00,  -0.74157380E-11,
 35544.046,   1,  0.71054741E+08,   0.00000000E+00,  -0.10108101E+09,   0.00000000E+00,   0.00000000E+00,   0.74333769E+06,   0.00000000E+00,   0.00000000E+00,  -0.10991088E-10,
 35545.046,   1,  0.83291016E+08,   0.00000000E+00,  -0.11524419E+09,   0.00000000E+00,   0.00000000E+00,   0.82242232E+06,   0.00000000E+00,   0.00000000E+00,  -0.14383546E-10,
 35546.046,   1,  0.95932073E+08,   0.00000000E+00,  -0.12893341E+09,   0.00000000E+00,   0.00000000E+00,   0.90005642E+06,   0.00000000E+00,   0.00000000E+00,  -0.13855989E-10,
 35547.046,   1,  0.10879626E+09,   0.00000000E+00,  -0.14171523E+09,   0.00000000E+00,   0.00000000E+00,   0.99349274E+06,   0.00000000E+00,   0.00000000E+00,  -0.15262852E-10,
 35548.045,   1,  0.12089919E+09,   0.00000000E+00,  -0.15353836E+09,   0.00000000E+00,   0.00000000E+00,   0.10560059E+07,   0.00000000E+00,   0.00000000E+00,  -0.11677187E-10,
 35549.046,   1,  0.13165333E+09,   0.00000000E+00,  -0.16507649E+09,   0.00000000E+00,   0.00000000E+00,   0.11010450E+07,   0.00000000E+00,   0.00000000E+00,  -0.13945579E-10,
 35550.046,   1,  0.14034130E+09,   0.00000000E+00,  -0.17692696E+09,   0.00000000E+00,   0.00000000E+00,   0.11770113E+07,   0.00000000E+00,   0.00000000E+00,  -0.13024104E-10,
 35551.046,   1,  0.14831252E+09,   0.00000000E+00,  -0.18911914E+09,   0.00000000E+00,   0.00000000E+00,   0.12722229E+07,   0.00000000E+00,   0.00000000E+00,  -0.10835862E-10,
 35552.047,   1,  0.15604283E+09,   0.00000000E+00,  -0.20133357E+09,   0.00000000E+00,   0.00000000E+00,   0.13497567E+07,   0.00000000E+00,   0.00000000E+00,  -0.89861296E-11,
 35553.047,   1,  0.16329549E+09,   0.00000000E+00,  -0.21322087E+09,   0.00000000E+00,   0.00000000E+00,   0.14208950E+07,   0.00000000E+00,   0.00000000E+00,  -0.10951693E-10,
 35554.047,   1,  0.17109182E+09,   0.00000000E+00,  -0.22454755E+09,   0.00000000E+00,   0.00000000E+00,   0.15077455E+07,   0.00000000E+00,   0.00000000E+00,  -0.85335114E-11,
 35555.047,   1,  0.17922366E+09,   0.00000000E+00,  -0.23578004E+09,   0.00000000E+00,   0.00000000E+00,   0.16013305E+07,   0.00000000E+00,   0.00000000E+00,  -0.31588299E-11,
 35556.047,   1,  0.18773528E+09,   0.00000000E+00,  -0.24776075E+09,   0.00000000E+00,   0.00000000E+00,   0.16963081E+07,   0.00000000E+00,   0.00000000E+00,   0.63864820E-13,
 35557.044,   1,  0.19766204E+09,   0.00000000E+00,  -0.26052069E+09,   0.00000000E+00,   0.00000000E+00,   0.17881479E+07,   0.00000000E+00,   0.00000000E+00,  -0.29523594E-11,
 35558.044,   1,  0.20895900E+09,   0.00000000E+00,  -0.27353294E+09,   0.00000000E+00,   0.00000000E+00,   0.18778765E+07,   0.00000000E+00,   0.00000000E+00,  -0.34462412E-11,
 35559.044,   1,  0.22089433E+09,   0.00000000E+00,  -0.28523061E+09,   0.00000000E+00,   0.00000000E+00,   0.19767472E+07,   0.00000000E+00,   0.00000000E+00,   0.26165861E-11,
 35560.044,   1,  0.23332289E+09,   0.00000000E+00,  -0.29446692E+09,   0.00000000E+00,   0.00000000E+00,   0.20786570E+07,   0.00000000E+00,   0.00000000E+00,   0.63702773E-11,
 35561.044,   1,  0.24500236E+09,   0.00000000E+00,  -0.30132045E+09,   0.00000000E+00,   0.00000000E+00,   0.21716680E+07,   0.00000000E+00,   0.00000000E+00,   0.58481902E-11,
 35562.046,   1,  0.25535411E+09,   0.00000000E+00,  -0.30719462E+09,   0.00000000E+00,   0.00000000E+00,   0.22609570E+07,   0.00000000E+00,   0.00000000E+00,  -0.45535048E-11,
 35563.047,   1,  0.26482808E+09,   0.00000000E+00,  -0.31346519E+09,   0.00000000E+00,   0.00000000E+00,   0.23410696E+07,   0.00000000E+00,   0.00000000E+00,  -0.11104710E-10,
 35564.045,   1,  0.27401447E+09,   0.00000000E+00,  -0.32022133E+09,   0.00000000E+00,   0.00000000E+00,   0.24208859E+07,   0.00000000E+00,   0.00000000E+00,  -0.10345887E-10,
 35565.046,   1,  0.28339497E+09,   0.00000000E+00,  -0.32723864E+09,   0.00000000E+00,   0.00000000E+00,   0.25093787E+07,   0.00000000E+00,   0.00000000E+00,  -0.13537234E-10,
 35566.047,   1,  0.29228509E+09,   0.00000000E+00,  -0.33425619E+09,   0.00000000E+00,   0.00000000E+00,   0.25894597E+07,   0.00000000E+00,   0.00000000E+00,  -0.18219255E-10,
 35567.047,   1,  0.30074844E+09,   0.00000000E+00,  -0.34101806E+09,   0.00000000E+00,   0.00000000E+00,   0.26838966E+07,   0.00000000E+00,   0.00000000E+00,  -0.20774921E-10,
 35568.046,   1,  0.30912734E+09,   0.00000000E+00,  -0.34710982E+09,   0.00000000E+00,   0.00000000E+00,   0.27850907E+07,   0.00000000E+00,   0.00000000E+00,  -0.30080695E-10,
 35569.045,   1,  0.31742985E+09,   0.00000000E+00,  -0.35290289E+09,   0.00000000E+00,   0.00000000E+00,   0.28690204E+07,   0.00000000E+00,   0.00000000E+00,  -0.29159622E-10,
 35570.045,   1,  0.32555709E+09,   0.00000000E+00,  -0.35940011E+09,   0.00000000E+00,   0.00000000E+00,   0.29585820E+07,   0.00000000E+00,   0.00000000E+00,  -0.35209533E-10,
 35571.045,   1,  0.33331739E+09,   0.00000000E+00,  -0.36676193E+09,   0.00000000E+00,   0.00000000E+00,   0.30611019E+07,   0.00000000E+00,   0.00000000E+00,  -0.35299190E-10,
 35572.046,   1,  0.34112114E+09,   0.00000000E+00,  -0.37463871E+09,   0.00000000E+00,   0.00000000E+00,   0.31592542E+07,   0.00000000E+00,   0.00000000E+00,  -0.36874570E-10,
 35573.045,   1,  0.34870935E+09,   0.00000000E+00,  -0.38272716E+09,   0.00000000E+00,   0.00000000E+00,   0.32368451E+07,   0.00000000E+00,   0.00000000E+00,  -0.40386149E-10,
 35574.044,   1,  0.35760905E+09,   0.00000000E+00,  -0.39058100E+09,   0.00000000E+00,   0.00000000E+00,   0.33169561E+07,   0.00000000E+00,   0.00000000E+00,  -0.44961057E-10,
 35575.044,   1,  0.36745081E+09,   0.00000000E+00,  -0.39757595E+09,   0.00000000E+00,   0.00000000E+00,   0.34034508E+07,   0.00000000E+00,   0.00000000E+00,  -0.56505286E-10,
 35576.045,   1,  0.37575086E+09,   0.00000000E+00,  -0.40384595E+09,   0.00000000E+00,   0.00000000E+00,   0.34983315E+07,   0.00000000E+00,   0.00000000E+00,  -0.70230785E-10,
 35577.044,   1,  0.38266716E+09,   0.00000000E+00,  -0.41027996E+09,   0.00000000E+00,   0.00000000E+00,   0.36270660E+07,   0.00000000E+00,   0.00000000E+00,  -0.75808385E-10,
 35578.045,   1,  0.38982456E+09,   0.00000000E+00,  -0.41703013E+09,   0.00000000E+00,   0.00000000E+00,   0.37603114E+07,   0.00000000E+00,   0.00000000E+00,  -0.74855745E-10,
 35579.046,   1,  0.39736912E+09,   0.00000000E+00,  -0.42376852E+09,   0.00000000E+00,   0.00000000E+00,   0.38640665E+07,   0.00000000E+00,   0.00000000E+00,  -0.82523297E-10,
 35580.047,   1,  0.40509775E+09,   0.00000000E+00,  -0.43052870E+09,   0.00000000E+00,   0.00000000E+00,   0.39531207E+07,   0.00000000E+00,   0.00000000E+00,  -0.96994876E-10,
 35581.042,   1,  0.41315895E+09,   0.00000000E+00,  -0.43676018E+09,   0.00000000E+00,   0.00000000E+00,   0.40569221E+07,   0.00000000E+00,   0.00000000E+00,  -0.12241066E-09,
 35582.042,   1,  0.42161492E+09,   0.00000000E+00,  -0.44211785E+09,   0.00000000E+00,   0.00000000E+00,   0.41869810E+07,   0.00000000E+00,   0.00000000E+00,  -0.14962465E-09,
 35583.042,   1,  0.43000359E+09,   0.00000000E+00,  -0.44710554E+09,   0.00000000E+00,   0.00000000E+00,   0.43419915E+07,   0.00000000E+00,   0.00000000E+00,  -0.21311890E-09,
 35584.043,   1,  0.43799340E+09,   0.00000000E+00,  -0.45245306E+09,   0.00000000E+00,   0.00000000E+00,   0.45110887E+07,   0.00000000E+00,   0.00000000E+00,  -0.21732455E-09,
 35585.043,   1,  0.44561158E+09,   0.00000000E+00,  -0.45835038E+09,   0.00000000E+00,   0.00000000E+00,   0.46513487E+07,   0.00000000E+00,   0.00000000E+00,  -0.26918861E-09,
 35586.043,   1,  0.45331905E+09,   0.00000000E+00,  -0.46466661E+09,   0.00000000E+00,   0.00000000E+00,   0.47597217E+07,   0.00000000E+00,   0.00000000E+00,  -0.30249053E-09,
 35587.043,   1,  0.46080441E+09,   0.00000000E+00,  -0.47111706E+09,   0.00000000E+00,   0.00000000E+00,   0.48741898E+07,   0.00000000E+00,   0.00000000E+00,  -0.38006052E-09,
 35588.043,   1,  0.46805016E+09,   0.00000000E+00,  -0.47740892E+09,   0.00000000E+00,   0.00000000E+00,   0.50089057E+07,   0.00000000E+00,   0.00000000E+00,  -0.57218641E-09,
 35589.042,   1,  0.47601390E+09,   0.00000000E+00,  -0.48294311E+09,   0.00000000E+00,   0.00000000E+00,   0.51359287E+07,   0.00000000E+00,   0.00000000E+00,  -0.13404779E-08,
 35590.043,   1,  0.48380799E+09,   0.00000000E+00,  -0.48782049E+09,   0.00000000E+00,   0.00000000E+00,   0.52685566E+07,   0.00000000E+00,   0.00000000E+00,   0.20144046E-08,
 35591.044,   1,  0.49101680E+09,   0.00000000E+00,  -0.49323014E+09,   0.00000000E+00,   0.00000000E+00,   0.54045482E+07,   0.00000000E+00,   0.00000000E+00,   0.70812892E-09,
 35592.043,   1,  0.49860848E+09,   0.00000000E+00,  -0.49955690E+09,   0.00000000E+00,   0.00000000E+00,   0.55407179E+07,   0.00000000E+00,   0.00000000E+00,   0.48615680E-09,
 35593.044,   1,  0.50663375E+09,   0.00000000E+00,  -0.50631338E+09,   0.00000000E+00,   0.00000000E+00,   0.57450963E+07,   0.00000000E+00,   0.00000000E+00,   0.36180827E-09,
 35594.045,   1,  0.51361329E+09,   0.00000000E+00,  -0.51308856E+09,   0.00000000E+00,   0.00000000E+00,   0.59675407E+07,   0.00000000E+00,   0.00000000E+00,   0.31463984E-09,
 35595.045,   1,  0.51958343E+09,   0.00000000E+00,  -0.51949796E+09,   0.00000000E+00,   0.00000000E+00,   0.61033649E+07,   0.00000000E+00,   0.00000000E+00,   0.32858451E-09,
 35596.045,   1,  0.52525140E+09,   0.00000000E+00,  -0.52510737E+09,   0.00000000E+00,   0.00000000E+00,   0.61993044E+07,   0.00000000E+00,   0.00000000E+00,   0.25152594E-09,
 35597.045,   1,  0.53099178E+09,   0.00000000E+00,  -0.53032285E+09,   0.00000000E+00,   0.00000000E+00,   0.63061720E+07,   0.00000000E+00,   0.00000000E+00,   0.23518848E-09,
 35598.044,   1,  0.53743577E+09,   0.00000000E+00,  -0.53600856E+09,   0.00000000E+00,   0.00000000E+00,   0.64186402E+07,   0.00000000E+00,   0.00000000E+00,   0.18870848E-09,
 35599.044,   1,  0.54431072E+09,   0.00000000E+00,  -0.54242109E+09,   0.00000000E+00,   0.00000000E+00,   0.65410921E+07,   0.00000000E+00,   0.00000000E+00,   0.22234947E-09,
 35600.044,   1,  0.55074672E+09,   0.00000000E+00,  -0.54944484E+09,   0.00000000E+00,   0.00000000E+00,   0.67196340E+07,   0.00000000E+00,   0.00000000E+00,   0.27999584E-09,
 35601.045,   1,  0.55589355E+09,   0.00000000E+00,  -0.55668698E+09,   0.00000000E+00,   0.00000000E+00,   0.68922380E+07,   0.00000000E+00,   0.00000000E+00,   0.38838878E-09,
 35602.044,   1,  0.56033206E+09,   0.00000000E+00,  -0.56349934E+09,   0.00000000E+00,   0.00000000E+00,   0.70326661E+07,   0.00000000E+00,   0.00000000E+00,   0.58837939E-09,
 35603.044,   1,  0.56479508E+09,   0.00000000E+00,  -0.56950691E+09,   0.00000000E+00,   0.00000000E+00,   0.71817132E+07,   0.00000000E+00,   0.00000000E+00,   0.81944635E-09,
 35604.044,   1,  0.56931741E+09,   0.00000000E+00,  -0.57528624E+09,   0.00000000E+00,   0.00000000E+00,   0.73336537E+07,   0.00000000E+00,   0.00000000E+00,   0.15422039E-08,
 35605.045,   1,  0.57378195E+09,   0.00000000E+00,  -0.58167650E+09,   0.00000000E+00,   0.00000000E+00,   0.74802142E+07,   0.00000000E+00,   0.00000000E+00,  -0.40687378E-08,
 35606.044,   1,  0.57806533E+09,   0.00000000E+00,  -0.58869762E+09,   0.00000000E+00,   0.00000000E+00,   0.76145907E+07,   0.00000000E+00,   0.00000000E+00,  -0.56426224E-09,
 35607.044,   1,  0.58221347E+09,   0.00000000E+00,  -0.59602700E+09,   0.00000000E+00,   0.00000000E+00,   0.77263157E+07,   0.00000000E+00,   0.00000000E+00,  -0.31177424E-09,
 35608.044,   1,  0.58615500E+09,   0.00000000E+00,  -0.60340658E+09,   0.00000000E+00,   0.00000000E+00,   0.78324889E+07,   0.00000000E+00,   0.00000000E+00,  -0.22155737E-09,
 35609.043,   1,  0.58989843E+09,   0.00000000E+00,  -0.61030821E+09,   0.00000000E+00,   0.00000000E+00,   0.79506719E+07,   0.00000000E+00,   0.00000000E+00,  -0.23492798E-09,
 35610.043,   1,  0.59383764E+09,   0.00000000E+00,  -0.61653326E+09,   0.00000000E+00,   0.00000000E+00,   0.80776062E+07,   0.00000000E+00,   0.00000000E+00,  -0.20069575E-09,
 35611.043,   1,  0.59811848E+09,   0.00000000E+00,  -0.62292692E+09,   0.00000000E+00,   0.00000000E+00,   0.82088852E+07,   0.00000000E+00,   0.00000000E+00,  -0.13506346E-09,
 35612.043,   1,  0.60256709E+09,   0.00000000E+00,  -0.63042113E+09,   0.00000000E+00,   0.00000000E+00,   0.83298184E+07,   0.00000000E+00,   0.00000000E+00,  -0.99595722E-10,
 35613.043,   1,  0.60713608E+09,   0.00000000E+00,  -0.63888520E+09,   0.00000000E+00,   0.00000000E+00,   0.84481850E+07,   0.00000000E+00,   0.00000000E+00,  -0.88089680E-10,
 35614.047,   1,  0.61162942E+09,   0.00000000E+00,  -0.64796995E+09,   0.00000000E+00,   0.00000000E+00,   0.85771219E+07,   0.00000000E+00,   0.00000000E+00,  -0.82942645E-10,
 35615.045,   1,  0.61603186E+09,   0.00000000E+00,  -0.65775191E+09,   0.00000000E+00,   0.00000000E+00,   0.87115998E+07,   0.00000000E+00,   0.00000000E+00,  -0.80879917E-10,
 35616.044,   1,  0.62059900E+09,   0.00000000E+00,  -0.66777529E+09,   0.00000000E+00,   0.00000000E+00,   0.72202328E+07,   0.00000000E+00,   0.00000000E+00,  -0.65260599E-10,
 35617.045,   1,  0.62554771E+09,   0.00000000E+00,  -0.67898101E+09,   0.00000000E+00,   0.00000000E+00,   0.59975632E+07,   0.00000000E+00,   0.00000000E+00,  -0.59321203E-10,
 35618.046,   1,  0.63054447E+09,   0.00000000E+00,  -0.68977360E+09,   0.00000000E+00,   0.00000000E+00,   0.61626676E+07,   0.00000000E+00,   0.00000000E+00,  -0.58418918E-10,
 35619.045,   1,  0.63530154E+09,   0.00000000E+00,  -0.69946559E+09,   0.00000000E+00,   0.00000000E+00,   0.63049188E+07,   0.00000000E+00,   0.00000000E+00,  -0.55215624E-10,
 35620.044,   1,  0.64005805E+09,   0.00000000E+00,  -0.70930184E+09,   0.00000000E+00,   0.00000000E+00,   0.64241303E+07,   0.00000000E+00,   0.00000000E+00,  -0.48175463E-10,
 35621.044,   1,  0.64492028E+09,   0.00000000E+00,  -0.71908887E+09,   0.00000000E+00,   0.00000000E+00,   0.65437033E+07,   0.00000000E+00,   0.00000000E+00,  -0.48476220E-10,
 35622.045,   1,  0.64979325E+09,   0.00000000E+00,  -0.72872713E+09,   0.00000000E+00,   0.00000000E+00,   0.66702061E+07,   0.00000000E+00,   0.00000000E+00,  -0.41900245E-10,
 35623.044,   1,  0.65449522E+09,   0.00000000E+00,  -0.73784406E+09,   0.00000000E+00,   0.00000000E+00,   0.68026766E+07,   0.00000000E+00,   0.00000000E+00,  -0.45240407E-10,
 35624.044,   1,  0.65919384E+09,   0.00000000E+00,  -0.74621566E+09,   0.00000000E+00,   0.00000000E+00,   0.69363549E+07,   0.00000000E+00,   0.00000000E+00,  -0.39222174E-10,
 35625.045,   1,  0.66395487E+09,   0.00000000E+00,  -0.75451850E+09,   0.00000000E+00,   0.00000000E+00,   0.70702270E+07,   0.00000000E+00,   0.00000000E+00,  -0.34016237E-10,
 35626.045,   1,  0.66876326E+09,   0.00000000E+00,  -0.76352560E+09,   0.00000000E+00,   0.00000000E+00,   0.71963121E+07,   0.00000000E+00,   0.00000000E+00,  -0.27771344E-10,
 35627.045,   1,  0.67331778E+09,   0.00000000E+00,  -0.77265611E+09,   0.00000000E+00,   0.00000000E+00,   0.73065418E+07,   0.00000000E+00,   0.00000000E+00,  -0.28933414E-10,
 35628.044,   1,  0.67835986E+09,   0.00000000E+00,  -0.78163210E+09,   0.00000000E+00,   0.00000000E+00,   0.74148205E+07,   0.00000000E+00,   0.00000000E+00,  -0.27763393E-10,
 35629.043,   1,  0.68427517E+09,   0.00000000E+00,  -0.79088793E+09,   0.00000000E+00,   0.00000000E+00,   0.75419032E+07,   0.00000000E+00,   0.00000000E+00,  -0.26366539E-10,
 35630.043,   1,  0.68996964E+09,   0.00000000E+00,  -0.79997213E+09,   0.00000000E+00,   0.00000000E+00,   0.76721412E+07,   0.00000000E+00,   0.00000000E+00,  -0.26080049E-10,
 35631.043,   1,  0.69510735E+09,   0.00000000E+00,  -0.80837890E+09,   0.00000000E+00,   0.00000000E+00,   0.78017065E+07,   0.00000000E+00,   0.00000000E+00,  -0.21460892E-10,
 35632.042,   1,  0.70012357E+09,   0.00000000E+00,  -0.81667027E+09,   0.00000000E+00,   0.00000000E+00,   0.79208987E+07,   0.00000000E+00,   0.00000000E+00,  -0.21989652E-10,
 35633.043,   1,  0.70636163E+09,   0.00000000E+00,  -0.82556417E+09,   0.00000000E+00,   0.00000000E+00,   0.80362035E+07,   0.00000000E+00,   0.00000000E+00,  -0.20414819E-10,
 35634.043,   1,  0.71343828E+09,   0.00000000E+00,  -0.83482728E+09,   0.00000000E+00,   0.00000000E+00,   0.81430508E+07,   0.00000000E+00,   0.00000000E+00,  -0.20368879E-10,
 35635.043,   1,  0.72055286E+09,   0.00000000E+00,  -0.84415584E+09,   0.00000000E+00,   0.00000000E+00,   0.82989869E+07,   0.00000000E+00,   0.00000000E+00,  -0.26479919E-10,
 35636.043,   1,  0.72819562E+09,   0.00000000E+00,  -0.85361067E+09,   0.00000000E+00,   0.00000000E+00,   0.84588425E+07,   0.00000000E+00,   0.00000000E+00,  -0.31393281E-10,
 35637.042,   1,  0.73574393E+09,   0.00000000E+00,  -0.86257122E+09,   0.00000000E+00,   0.00000000E+00,   0.85625244E+07,   0.00000000E+00,   0.00000000E+00,  -0.33490318E-10,
 35638.047,   1,  0.74297925E+09,   0.00000000E+00,  -0.87115611E+09,   0.00000000E+00,   0.00000000E+00,   0.86630851E+07,   0.00000000E+00,   0.00000000E+00,  -0.35783422E-10,
 35639.045,   1,  0.74992155E+09,   0.00000000E+00,  -0.87990006E+09,   0.00000000E+00,   0.00000000E+00,   0.87547358E+07,   0.00000000E+00,   0.00000000E+00,  -0.35155773E-10,
 35640.045,   1,  0.75697162E+09,   0.00000000E+00,  -0.88908415E+09,   0.00000000E+00,   0.00000000E+00,   0.88515590E+07,   0.00000000E+00,   0.00000000E+00,  -0.33752655E-10,
 35641.045,   1,  0.76428813E+09,   0.00000000E+00,  -0.89835008E+09,   0.00000000E+00,   0.00000000E+00,   0.89670008E+07,   0.00000000E+00,   0.00000000E+00,  -0.35842735E-10,
 35642.045,   1,  0.77079989E+09,   0.00000000E+00,  -0.90763802E+09,   0.00000000E+00,   0.00000000E+00,   0.90989663E+07,   0.00000000E+00,   0.00000000E+00,  -0.35077312E-10,
 35643.044,   1,  0.77634188E+09,   0.00000000E+00,  -0.91693741E+09,   0.00000000E+00,   0.00000000E+00,   0.92254338E+07,   0.00000000E+00,   0.00000000E+00,  -0.26746321E-10,
 35644.044,   1,  0.78170960E+09,   0.00000000E+00,  -0.92560541E+09,   0.00000000E+00,   0.00000000E+00,   0.93390380E+07,   0.00000000E+00,   0.00000000E+00,  -0.27198245E-10,
 35645.046,   1,  0.78646324E+09,   0.00000000E+00,  -0.93327240E+09,   0.00000000E+00,   0.00000000E+00,   0.94439509E+07,   0.00000000E+00,   0.00000000E+00,  -0.28030626E-10,
 35646.047,   1,  0.79070240E+09,   0.00000000E+00,  -0.94062003E+09,   0.00000000E+00,   0.00000000E+00,   0.95328239E+07,   0.00000000E+00,   0.00000000E+00,  -0.29656697E-10,
 35647.046,   1,  0.79489683E+09,   0.00000000E+00,  -0.94847366E+09,   0.00000000E+00,   0.00000000E+00,   0.96143099E+07,   0.00000000E+00,   0.00000000E+00,  -0.27511970E-10,
 35648.045,   1,  0.79921560E+09,   0.00000000E+00,  -0.95612819E+09,   0.00000000E+00,   0.00000000E+00,   0.97105566E+07,   0.00000000E+00,   0.00000000E+00,  -0.25955049E-10,
 35649.044,   1,  0.80420937E+09,   0.00000000E+00,  -0.96335644E+09,   0.00000000E+00,   0.00000000E+00,   0.98092547E+07,   0.00000000E+00,   0.00000000E+00,  -0.26481969E-10,
 35650.045,   1,  0.80944590E+09,   0.00000000E+00,  -0.97092387E+09,   0.00000000E+00,   0.00000000E+00,   0.99005399E+07,   0.00000000E+00,   0.00000000E+00,  -0.27919141E-10,
 35651.044,   1,  0.81398057E+09,   0.00000000E+00,  -0.97831946E+09,   0.00000000E+00,   0.00000000E+00,   0.99901399E+07,   0.00000000E+00,   0.00000000E+00,  -0.26259351E-10,
 35652.045,   1,  0.81782845E+09,   0.00000000E+00,  -0.98500044E+09,   0.00000000E+00,   0.00000000E+00,   0.10079796E+08,   0.00000000E+00,   0.00000000E+00,  -0.30790201E-10,
 35653.045,   1,  0.82147327E+09,   0.00000000E+00,  -0.99131228E+09,   0.00000000E+00,   0.00000000E+00,   0.10173876E+08,   0.00000000E+00,   0.00000000E+00,  -0.29603376E-10,
 35654.045,   1,  0.82533481E+09,   0.00000000E+00,  -0.99782972E+09,   0.00000000E+00,   0.00000000E+00,   0.10272391E+08,   0.00000000E+00,   0.00000000E+00,  -0.27501676E-10,
 35655.044,   1,  0.82929456E+09,   0.00000000E+00,  -0.10047119E+10,   0.00000000E+00,   0.00000000E+00,   0.10365434E+08,   0.00000000E+00,   0.00000000E+00,  -0.25802410E-10,
 35656.043,   1,  0.83300770E+09,   0.00000000E+00,  -0.10118054E+10,   0.00000000E+00,   0.00000000E+00,   0.10460160E+08,   0.00000000E+00,   0.00000000E+00,  -0.26201677E-10,
 35657.044,   1,  0.83669336E+09,   0.00000000E+00,  -0.10189387E+10,   0.00000000E+00,   0.00000000E+00,   0.10556644E+08,   0.00000000E+00,   0.00000000E+00,  -0.25152156E-10,
 35658.044,   1,  0.84021394E+09,   0.00000000E+00,  -0.10255077E+10,   0.00000000E+00,   0.00000000E+00,   0.10661845E+08,   0.00000000E+00,   0.00000000E+00,  -0.27015075E-10,
 35659.044,   1,  0.84352722E+09,   0.00000000E+00,  -0.10307178E+10,   0.00000000E+00,   0.00000000E+00,   0.10770029E+08,   0.00000000E+00,   0.00000000E+00,  -0.24055277E-10,
 35660.043,   1,  0.84685956E+09,   0.00000000E+00,  -0.10347953E+10,   0.00000000E+00,   0.00000000E+00,   0.10867487E+08,   0.00000000E+00,   0.00000000E+00,  -0.21257525E-10,
 35661.044,   1,  0.85057155E+09,   0.00000000E+00,  -0.10388503E+10,   0.00000000E+00,   0.00000000E+00,   0.10943984E+08,   0.00000000E+00,   0.00000000E+00,  -0.21561701E-10,
 35662.046,   1,  0.85419591E+09,   0.00000000E+00,  -0.10434287E+10,   0.00000000E+00,   0.00000000E+00,   0.11011833E+08,   0.00000000E+00,   0.00000000E+00,  -0.21337367E-10,
 35663.047,   1,  0.85741406E+09,   0.00000000E+00,  -0.10481540E+10,   0.00000000E+00,   0.00000000E+00,   0.11089084E+08,   0.00000000E+00,   0.00000000E+00,  -0.22726903E-10,
 35664.046,   1,  0.86059653E+09,   0.00000000E+00,  -0.10527583E+10,   0.00000000E+00,   0.00000000E+00,   0.11160812E+08,   0.00000000E+00,   0.00000000E+00,  -0.22129297E-10,
 35665.046,   1,  0.86370907E+09,   0.00000000E+00,  -0.10570193E+10,   0.00000000E+00,   0.00000000E+00,   0.11226201E+08,   0.00000000E+00,   0.00000000E+00,  -0.20557356E-10,
 35666.046,   1,  0.86677003E+09,   0.00000000E+00,  -0.10605096E+10,   0.00000000E+00,   0.00000000E+00,   0.11296479E+08,   0.00000000E+00,   0.00000000E+00,  -0.19340799E-10,
 35667.046,   1,  0.86977682E+09,   0.00000000E+00,  -0.10635274E+10,   0.00000000E+00,   0.00000000E+00,   0.11370433E+08,   0.00000000E+00,   0.00000000E+00,  -0.19298455E-10,
 35668.045,   1,  0.87294235E+09,   0.00000000E+00,  -0.10668716E+10,   0.00000000E+00,   0.00000000E+00,   0.11436572E+08,   0.00000000E+00,   0.00000000E+00,  -0.20886951E-10,
 35669.045,   1,  0.87662930E+09,   0.00000000E+00,  -0.10714192E+10,   0.00000000E+00,   0.00000000E+00,   0.11499853E+08,   0.00000000E+00,   0.00000000E+00,  -0.20194452E-10,
 35670.046,   1,  0.87996158E+09,   0.00000000E+00,  -0.10764784E+10,   0.00000000E+00,   0.00000000E+00,   0.11566076E+08,   0.00000000E+00,   0.00000000E+00,  -0.21543901E-10,
 35671.045,   1,  0.88280838E+09,   0.00000000E+00,  -0.10813134E+10,   0.00000000E+00,   0.00000000E+00,   0.11630677E+08,   0.00000000E+00,   0.00000000E+00,  -0.20317435E-10,
 35672.045,   1,  0.88551023E+09,   0.00000000E+00,  -0.10858220E+10,   0.00000000E+00,   0.00000000E+00,   0.11694181E+08,   0.00000000E+00,   0.00000000E+00,  -0.22310114E-10,
 35673.045,   1,  0.88814222E+09,   0.00000000E+00,  -0.10895599E+10,   0.00000000E+00,   0.00000000E+00,   0.11761889E+08,   0.00000000E+00,   0.00000000E+00,  -0.22832278E-10,
 35674.044,   1,  0.89099622E+09,   0.00000000E+00,  -0.10925984E+10,   0.00000000E+00,   0.00000000E+00,   0.11837300E+08,   0.00000000E+00,   0.00000000E+00,  -0.22724948E-10,
 35675.044,   1,  0.89412497E+09,   0.00000000E+00,  -0.10954504E+10,   0.00000000E+00,   0.00000000E+00,   0.11911661E+08,   0.00000000E+00,   0.00000000E+00,  -0.24450605E-10,
 35676.044,   1,  0.89731530E+09,   0.00000000E+00,  -0.10985870E+10,   0.00000000E+00,   0.00000000E+00,   0.11990057E+08,   0.00000000E+00,   0.00000000E+00,  -0.22814448E-10,
 35677.043,   1,  0.90081577E+09,   0.00000000E+00,  -0.11021878E+10,   0.00000000E+00,   0.00000000E+00,   0.12068042E+08,   0.00000000E+00,   0.00000000E+00,  -0.26243755E-10,
 35678.044,   1,  0.90450161E+09,   0.00000000E+00,  -0.11060107E+10,   0.00000000E+00,   0.00000000E+00,   0.12146300E+08,   0.00000000E+00,   0.00000000E+00,  -0.33239112E-10,
 35679.043,   1,  0.90818414E+09,   0.00000000E+00,  -0.11095376E+10,   0.00000000E+00,   0.00000000E+00,   0.12233446E+08,   0.00000000E+00,   0.00000000E+00,  -0.35251602E-10,
 35680.044,   1,  0.91204328E+09,   0.00000000E+00,  -0.11124456E+10,   0.00000000E+00,   0.00000000E+00,   0.12320417E+08,   0.00000000E+00,   0.00000000E+00,  -0.31294689E-10,
 35681.044,   1,  0.91604925E+09,   0.00000000E+00,  -0.11150003E+10,   0.00000000E+00,   0.00000000E+00,   0.12403319E+08,   0.00000000E+00,   0.00000000E+00,  -0.30785241E-10,
 35682.044,   1,  0.92002308E+09,   0.00000000E+00,  -0.11178202E+10,   0.00000000E+00,   0.00000000E+00,   0.12485478E+08,   0.00000000E+00,   0.00000000E+00,  -0.30701090E-10,
 35683.044,   1,  0.92440182E+09,   0.00000000E+00,  -0.11210085E+10,   0.00000000E+00,   0.00000000E+00,   0.12574516E+08,   0.00000000E+00,   0.00000000E+00,  -0.30995524E-10,
 35684.046,   1,  0.92830907E+09,   0.00000000E+00,  -0.11243745E+10,   0.00000000E+00,   0.00000000E+00,   0.12655258E+08,   0.00000000E+00,   0.00000000E+00,  -0.28192012E-10,
 35685.047,   1,  0.93116446E+09,   0.00000000E+00,  -0.11278271E+10,   0.00000000E+00,   0.00000000E+00,   0.12718415E+08,   0.00000000E+00,   0.00000000E+00,  -0.31593518E-10,
 35686.045,   1,  0.93441722E+09,   0.00000000E+00,  -0.11310847E+10,   0.00000000E+00,   0.00000000E+00,   0.12783523E+08,   0.00000000E+00,   0.00000000E+00,  -0.34326750E-10,
 35687.047,   1,  0.93765229E+09,   0.00000000E+00,  -0.11337569E+10,   0.00000000E+00,   0.00000000E+00,   0.12844695E+08,   0.00000000E+00,   0.00000000E+00,  -0.36525203E-10,
 35688.047,   1,  0.94001596E+09,   0.00000000E+00,  -0.11361151E+10,   0.00000000E+00,   0.00000000E+00,   0.12901683E+08,   0.00000000E+00,   0.00000000E+00,  -0.41271561E-10,
 35689.047,   1,  0.94218370E+09,   0.00000000E+00,  -0.11388049E+10,   0.00000000E+00,   0.00000000E+00,   0.12957916E+08,   0.00000000E+00,   0.00000000E+00,  -0.46635227E-10,
 35690.046,   1,  0.94475147E+09,   0.00000000E+00,  -0.11419509E+10,   0.00000000E+00,   0.00000000E+00,   0.13020934E+08,   0.00000000E+00,   0.00000000E+00,  -0.45307384E-10,
 35691.045,   1,  0.94800731E+09,   0.00000000E+00,  -0.11453601E+10,   0.00000000E+00,   0.00000000E+00,   0.13096712E+08,   0.00000000E+00,   0.00000000E+00,  -0.45450087E-10,
 35692.045,   1,  0.95152590E+09,   0.00000000E+00,  -0.11488468E+10,   0.00000000E+00,   0.00000000E+00,   0.13172456E+08,   0.00000000E+00,   0.00000000E+00,  -0.42984343E-10,
 35693.045,   1,  0.95510652E+09,   0.00000000E+00,  -0.11515540E+10,   0.00000000E+00,   0.00000000E+00,   0.13239361E+08,   0.00000000E+00,   0.00000000E+00,  -0.41822360E-10,
 35694.046,   1,  0.95868388E+09,   0.00000000E+00,  -0.11534329E+10,   0.00000000E+00,   0.00000000E+00,   0.13305936E+08,   0.00000000E+00,   0.00000000E+00,  -0.40471712E-10,
 35695.047,   1,  0.96192978E+09,   0.00000000E+00,  -0.11554037E+10,   0.00000000E+00,   0.00000000E+00,   0.13368982E+08,   0.00000000E+00,   0.00000000E+00,  -0.41831397E-10,
 35696.045,   1,  0.96595843E+09,   0.00000000E+00,  -0.11578670E+10,   0.00000000E+00,   0.00000000E+00,   0.13445561E+08,   0.00000000E+00,   0.00000000E+00,  -0.41331232E-10,
 35697.047,   1,  0.96988546E+09,   0.00000000E+00,  -0.11608780E+10,   0.00000000E+00,   0.00000000E+00,   0.13527325E+08,   0.00000000E+00,   0.00000000E+00,  -0.34879742E-10,
 35698.046,   1,  0.97344984E+09,   0.00000000E+00,  -0.11641853E+10,   0.00000000E+00,   0.00000000E+00,   0.13578133E+08,   0.00000000E+00,   0.00000000E+00,  -0.36488079E-10,
 35699.046,   1,  0.97749062E+09,   0.00000000E+00,  -0.11675085E+10,   0.00000000E+00,   0.00000000E+00,   0.13621301E+08,   0.00000000E+00,   0.00000000E+00,  -0.36239981E-10,
 35700.042,   1,  0.98159809E+09,   0.00000000E+00,  -0.11704138E+10,   0.00000000E+00,   0.00000000E+00,   0.13673237E+08,   0.00000000E+00,   0.00000000E+00,  -0.34763808E-10,
 35701.043,   1,  0.98621691E+09,   0.00000000E+00,  -0.11727881E+10,   0.00000000E+00,   0.00000000E+00,   0.13720386E+08,   0.00000000E+00,   0.00000000E+00,  -0.34879952E-10,
 35702.044,   1,  0.99047185E+09,   0.00000000E+00,  -0.11750241E+10,   0.00000000E+00,   0.00000000E+00,   0.13770354E+08,   0.00000000E+00,   0.00000000E+00,  -0.39438232E-10,
 35703.046,   1,  0.99306100E+09,   0.00000000E+00,  -0.11778557E+10,   0.00000000E+00,   0.00000000E+00,   0.13818164E+08,   0.00000000E+00,   0.00000000E+00,  -0.35035512E-10,
 35704.044,   1,  0.99532336E+09,   0.00000000E+00,  -0.11811043E+10,   0.00000000E+00,   0.00000000E+00,   0.13854930E+08,   0.00000000E+00,   0.00000000E+00,  -0.42434562E-10,
 35705.044,   1,  0.99809009E+09,   0.00000000E+00,  -0.11843854E+10,   0.00000000E+00,   0.00000000E+00,   0.13889961E+08,   0.00000000E+00,   0.00000000E+00,  -0.41694277E-10,
 35706.045,   1,  0.10007061E+10,   0.00000000E+00,  -0.11876361E+10,   0.00000000E+00,   0.00000000E+00,   0.13926839E+08,   0.00000000E+00,   0.00000000E+00,  -0.45150508E-10,
 35707.045,   1,  0.10032168E+10,   0.00000000E+00,  -0.11906398E+10,   0.00000000E+00,   0.00000000E+00,   0.13974263E+08,   0.00000000E+00,   0.00000000E+00,  -0.49673747E-10,
 35708.045,   1,  0.10058304E+10,   0.00000000E+00,  -0.11931342E+10,   0.00000000E+00,   0.00000000E+00,   0.14020123E+08,   0.00000000E+00,   0.00000000E+00,  -0.42067726E-10,
 35709.044,   1,  0.10085869E+10,   0.00000000E+00,  -0.11954382E+10,   0.00000000E+00,   0.00000000E+00,   0.14061433E+08,   0.00000000E+00,   0.00000000E+00,  -0.40963371E-10,
 35710.044,   1,  0.10115501E+10,   0.00000000E+00,  -0.11979749E+10,   0.00000000E+00,   0.00000000E+00,   0.14107825E+08,   0.00000000E+00,   0.00000000E+00,  -0.39778668E-10,
 35711.045,   1,  0.10144039E+10,   0.00000000E+00,  -0.12007207E+10,   0.00000000E+00,   0.00000000E+00,   0.14150097E+08,   0.00000000E+00,   0.00000000E+00,  -0.44902518E-10,
 35712.045,   1,  0.10168766E+10,   0.00000000E+00,  -0.12035249E+10,   0.00000000E+00,   0.00000000E+00,   0.14179735E+08,   0.00000000E+00,   0.00000000E+00,  -0.52306094E-10,
 35713.045,   1,  0.10191947E+10,   0.00000000E+00,  -0.12064083E+10,   0.00000000E+00,   0.00000000E+00,   0.14209215E+08,   0.00000000E+00,   0.00000000E+00,  -0.56330079E-10,
 35714.045,   1,  0.10213122E+10,   0.00000000E+00,  -0.12088997E+10,   0.00000000E+00,   0.00000000E+00,   0.14252786E+08,   0.00000000E+00,   0.00000000E+00,  -0.51185074E-10,
 35715.044,   1,  0.10238137E+10,   0.00000000E+00,  -0.12109255E+10,   0.00000000E+00,   0.00000000E+00,   0.14303184E+08,   0.00000000E+00,   0.00000000E+00,  -0.55273046E-10,
 35716.044,   1,  0.10268180E+10,   0.00000000E+00,  -0.12131279E+10,   0.00000000E+00,   0.00000000E+00,   0.14354701E+08,   0.00000000E+00,   0.00000000E+00,  -0.60209487E-10,
 35717.044,   1,  0.10300019E+10,   0.00000000E+00,  -0.12158438E+10,   0.00000000E+00,   0.00000000E+00,   0.14405064E+08,   0.00000000E+00,   0.00000000E+00,  -0.64181195E-10,
 35718.044,   1,  0.10331724E+10,   0.00000000E+00,  -0.12190265E+10,   0.00000000E+00,   0.00000000E+00,   0.14469915E+08,   0.00000000E+00,   0.00000000E+00,  -0.64809487E-10,
 35719.044,   1,  0.10361397E+10,   0.00000000E+00,  -0.12224412E+10,   0.00000000E+00,   0.00000000E+00,   0.14525943E+08,   0.00000000E+00,   0.00000000E+00,  -0.56889222E-10,
 35720.044,   1,  0.10389469E+10,   0.00000000E+00,  -0.12258620E+10,   0.00000000E+00,   0.00000000E+00,   0.14568766E+08,   0.00000000E+00,   0.00000000E+00,  -0.64966400E-10,
 35721.045,   1,  0.10415649E+10,   0.00000000E+00,  -0.12290090E+10,   0.00000000E+00,   0.00000000E+00,   0.14617828E+08,   0.00000000E+00,   0.00000000E+00,  -0.61371704E-10,
 35722.044,   1,  0.10442846E+10,   0.00000000E+00,  -0.12316497E+10,   0.00000000E+00,   0.00000000E+00,   0.14722947E+08,   0.00000000E+00,   0.00000000E+00,  -0.61851529E-10,
 35723.044,   1,  0.10472701E+10,   0.00000000E+00,  -0.12342407E+10,   0.00000000E+00,   0.00000000E+00,   0.14827955E+08,   0.00000000E+00,   0.00000000E+00,  -0.64939484E-10,
 35724.044,   1,  0.10503566E+10,   0.00000000E+00,  -0.12372510E+10,   0.00000000E+00,   0.00000000E+00,   0.14901503E+08,   0.00000000E+00,   0.00000000E+00,  -0.62916701E-10,
 35725.044,   1,  0.10534421E+10,   0.00000000E+00,  -0.12405352E+10,   0.00000000E+00,   0.00000000E+00,   0.14958868E+08,   0.00000000E+00,   0.00000000E+00,  -0.55524134E-10,
 35726.044,   1,  0.10565236E+10,   0.00000000E+00,  -0.12438505E+10,   0.00000000E+00,   0.00000000E+00,   0.15006216E+08,   0.00000000E+00,   0.00000000E+00,  -0.61171303E-10,
 35727.044,   1,  0.10597835E+10,   0.00000000E+00,  -0.12470688E+10,   0.00000000E+00,   0.00000000E+00,   0.15055444E+08,   0.00000000E+00,   0.00000000E+00,  -0.65287264E-10,
 35728.044,   1,  0.10631407E+10,   0.00000000E+00,  -0.12499767E+10,   0.00000000E+00,   0.00000000E+00,   0.15098494E+08,   0.00000000E+00,   0.00000000E+00,  -0.63478828E-10,
 35729.044,   1,  0.10666848E+10,   0.00000000E+00,  -0.12523322E+10,   0.00000000E+00,   0.00000000E+00,   0.15140865E+08,   0.00000000E+00,   0.00000000E+00,  -0.64339218E-10,
 35730.044,   1,  0.10703733E+10,   0.00000000E+00,  -0.12544633E+10,   0.00000000E+00,   0.00000000E+00,   0.15171387E+08,   0.00000000E+00,   0.00000000E+00,  -0.63903062E-10,
 35731.045,   1,  0.10737570E+10,   0.00000000E+00,  -0.12568784E+10,   0.00000000E+00,   0.00000000E+00,   0.15202109E+08,   0.00000000E+00,   0.00000000E+00,  -0.62739265E-10,
 35732.045,   1,  0.10768996E+10,   0.00000000E+00,  -0.12595648E+10,   0.00000000E+00,   0.00000000E+00,   0.15231511E+08,   0.00000000E+00,   0.00000000E+00,  -0.65982719E-10,
 35733.044,   1,  0.10803736E+10,   0.00000000E+00,  -0.12622894E+10,   0.00000000E+00,   0.00000000E+00,   0.15265890E+08,   0.00000000E+00,   0.00000000E+00,  -0.65559879E-10,
 35734.045,   1,  0.10838215E+10,   0.00000000E+00,  -0.12649897E+10,   0.00000000E+00,   0.00000000E+00,   0.15315050E+08,   0.00000000E+00,   0.00000000E+00,  -0.62909863E-10,
 35735.046,   1,  0.10866544E+10,   0.00000000E+00,  -0.12674720E+10,   0.00000000E+00,   0.00000000E+00,   0.15362264E+08,   0.00000000E+00,   0.00000000E+00,  -0.60557414E-10,
 35736.047,   1,  0.10890456E+10,   0.00000000E+00,  -0.12695813E+10,   0.00000000E+00,   0.00000000E+00,   0.15402206E+08,   0.00000000E+00,   0.00000000E+00,  -0.62155339E-10,
 35737.047,   1,  0.10913750E+10,   0.00000000E+00,  -0.12715756E+10,   0.00000000E+00,   0.00000000E+00,   0.15438857E+08,   0.00000000E+00,   0.00000000E+00,  -0.56995750E-10,
 35738.047,   1,  0.10937105E+10,   0.00000000E+00,  -0.12737905E+10,   0.00000000E+00,   0.00000000E+00,   0.15469950E+08,   0.00000000E+00,   0.00000000E+00,  -0.57935392E-10,
 35739.045,   1,  0.10967239E+10,   0.00000000E+00,  -0.12762532E+10,   0.00000000E+00,   0.00000000E+00,   0.15501318E+08,   0.00000000E+00,   0.00000000E+00,  -0.60285005E-10,
 35740.047,   1,  0.10995794E+10,   0.00000000E+00,  -0.12787808E+10,   0.00000000E+00,   0.00000000E+00,   0.15528372E+08,   0.00000000E+00,   0.00000000E+00,  -0.59359527E-10,
 35741.047,   1,  0.11013507E+10,   0.00000000E+00,  -0.12812561E+10,   0.00000000E+00,   0.00000000E+00,   0.15560074E+08,   0.00000000E+00,   0.00000000E+00,  -0.59062185E-10,
 35742.047,   1,  0.11028897E+10,   0.00000000E+00,  -0.12837125E+10,   0.00000000E+00,   0.00000000E+00,   0.15586840E+08,   0.00000000E+00,   0.00000000E+00,  -0.59393181E-10,
 35743.047,   1,  0.11044588E+10,   0.00000000E+00,  -0.12859459E+10,   0.00000000E+00,   0.00000000E+00,   0.15603913E+08,   0.00000000E+00,   0.00000000E+00,  -0.57113399E-10,
 35744.047,   1,  0.11061472E+10,   0.00000000E+00,  -0.12880340E+10,   0.00000000E+00,   0.00000000E+00,   0.15628140E+08,   0.00000000E+00,   0.00000000E+00,  -0.56124026E-10,
 35745.045,   1,  0.11086012E+10,   0.00000000E+00,  -0.12901880E+10,   0.00000000E+00,   0.00000000E+00,   0.15656071E+08,   0.00000000E+00,   0.00000000E+00,  -0.57133046E-10,
 35746.046,   1,  0.11112870E+10,   0.00000000E+00,  -0.12924250E+10,   0.00000000E+00,   0.00000000E+00,   0.15685199E+08,   0.00000000E+00,   0.00000000E+00,  -0.60828487E-10,
 35747.046,   1,  0.11137036E+10,   0.00000000E+00,  -0.12946784E+10,   0.00000000E+00,   0.00000000E+00,   0.15714955E+08,   0.00000000E+00,   0.00000000E+00,  -0.63153727E-10,
 35748.046,   1,  0.11160921E+10,   0.00000000E+00,  -0.12969317E+10,   0.00000000E+00,   0.00000000E+00,   0.15739112E+08,   0.00000000E+00,   0.00000000E+00,  -0.65471070E-10,
 35749.045,   1,  0.11185559E+10,   0.00000000E+00,  -0.12990913E+10,   0.00000000E+00,   0.00000000E+00,   0.15752849E+08,   0.00000000E+00,   0.00000000E+00,  -0.65832526E-10,
 35750.047,   1,  0.11208938E+10,   0.00000000E+00,  -0.13011230E+10,   0.00000000E+00,   0.00000000E+00,   0.15779080E+08,   0.00000000E+00,   0.00000000E+00,  -0.64298355E-10,
 35751.045,   1,  0.11235131E+10,   0.00000000E+00,  -0.13030881E+10,   0.00000000E+00,   0.00000000E+00,   0.15813881E+08,   0.00000000E+00,   0.00000000E+00,  -0.61620759E-10,
 35752.047,   1,  0.11262645E+10,   0.00000000E+00,  -0.13050656E+10,   0.00000000E+00,   0.00000000E+00,   0.15841410E+08,   0.00000000E+00,   0.00000000E+00,  -0.61557991E-10,
 35753.047,   1,  0.11286734E+10,   0.00000000E+00,  -0.13070367E+10,   0.00000000E+00,   0.00000000E+00,   0.15887773E+08,   0.00000000E+00,   0.00000000E+00,  -0.58109592E-10,
 35754.045,   1,  0.11314847E+10,   0.00000000E+00,  -0.13087864E+10,   0.00000000E+00,   0.00000000E+00,   0.15931200E+08,   0.00000000E+00,   0.00000000E+00,  -0.56346801E-10,
 35755.047,   1,  0.11343531E+10,   0.00000000E+00,  -0.13100661E+10,   0.00000000E+00,   0.00000000E+00,   0.15952371E+08,   0.00000000E+00,   0.00000000E+00,  -0.59246419E-10,
 35756.047,   1,  0.11367455E+10,   0.00000000E+00,  -0.13110939E+10,   0.00000000E+00,   0.00000000E+00,   0.15973058E+08,   0.00000000E+00,   0.00000000E+00,  -0.60442067E-10,
 35757.047,   1,  0.11389113E+10,   0.00000000E+00,  -0.13121220E+10,   0.00000000E+00,   0.00000000E+00,   0.15992013E+08,   0.00000000E+00,   0.00000000E+00,  -0.58934239E-10,
 35758.047,   1,  0.11409436E+10,   0.00000000E+00,  -0.13134508E+10,   0.00000000E+00,   0.00000000E+00,   0.15999148E+08,   0.00000000E+00,   0.00000000E+00,  -0.56669160E-10,
 35759.047,   1,  0.11428514E+10,   0.00000000E+00,  -0.13152401E+10,   0.00000000E+00,   0.00000000E+00,   0.16018040E+08,   0.00000000E+00,   0.00000000E+00,  -0.55327609E-10,
 35760.047,   1,  0.11449142E+10,   0.00000000E+00,  -0.13168838E+10,   0.00000000E+00,   0.00000000E+00,   0.16048408E+08,   0.00000000E+00,   0.00000000E+00,  -0.55334291E-10,
 35761.047,   1,  0.11478835E+10,   0.00000000E+00,  -0.13180700E+10,   0.00000000E+00,   0.00000000E+00,   0.16073681E+08,   0.00000000E+00,   0.00000000E+00,  -0.56119179E-10,
 35762.042,   1,  0.11507752E+10,   0.00000000E+00,  -0.13190882E+10,   0.00000000E+00,   0.00000000E+00,   0.16095845E+08,   0.00000000E+00,   0.00000000E+00,  -0.52216784E-10,
 35763.042,   1,  0.11535170E+10,   0.00000000E+00,  -0.13202941E+10,   0.00000000E+00,   0.00000000E+00,   0.16108535E+08,   0.00000000E+00,   0.00000000E+00,  -0.48797483E-10,
 35764.044,   1,  0.11567979E+10,   0.00000000E+00,  -0.13215938E+10,   0.00000000E+00,   0.00000000E+00,   0.16115158E+08,   0.00000000E+00,   0.00000000E+00,  -0.47846401E-10,
 35765.043,   1,  0.11595338E+10,   0.00000000E+00,  -0.13230694E+10,   0.00000000E+00,   0.00000000E+00,   0.16124779E+08,   0.00000000E+00,   0.00000000E+00,  -0.41950699E-10,
 35766.044,   1,  0.11617477E+10,   0.00000000E+00,  -0.13248435E+10,   0.00000000E+00,   0.00000000E+00,   0.16137932E+08,   0.00000000E+00,   0.00000000E+00,  -0.46216998E-10,
 35767.044,   1,  0.11638175E+10,   0.00000000E+00,  -0.13266699E+10,   0.00000000E+00,   0.00000000E+00,   0.16153569E+08,   0.00000000E+00,   0.00000000E+00,  -0.45404728E-10,
 35768.043,   1,  0.11653078E+10,   0.00000000E+00,  -0.13283863E+10,   0.00000000E+00,   0.00000000E+00,   0.16162892E+08,   0.00000000E+00,   0.00000000E+00,  -0.37811862E-10,
 35769.042,   1,  0.11664988E+10,   0.00000000E+00,  -0.13300192E+10,   0.00000000E+00,   0.00000000E+00,   0.16169155E+08,   0.00000000E+00,   0.00000000E+00,  -0.37740510E-10,
 35770.042,   1,  0.11677004E+10,   0.00000000E+00,  -0.13316282E+10,   0.00000000E+00,   0.00000000E+00,   0.16174053E+08,   0.00000000E+00,   0.00000000E+00,  -0.33240581E-10,
 35771.045,   1,  0.11690021E+10,   0.00000000E+00,  -0.13332422E+10,   0.00000000E+00,   0.00000000E+00,   0.16182399E+08,   0.00000000E+00,   0.00000000E+00,  -0.34843030E-10,
 35772.042,   1,  0.11701802E+10,   0.00000000E+00,  -0.13348391E+10,   0.00000000E+00,   0.00000000E+00,   0.16189608E+08,   0.00000000E+00,   0.00000000E+00,  -0.36994615E-10,
 35773.042,   1,  0.11712835E+10,   0.00000000E+00,  -0.13364020E+10,   0.00000000E+00,   0.00000000E+00,   0.16193685E+08,   0.00000000E+00,   0.00000000E+00,  -0.42144556E-10,
 35774.043,   1,  0.11725810E+10,   0.00000000E+00,  -0.13380415E+10,   0.00000000E+00,   0.00000000E+00,   0.16204887E+08,   0.00000000E+00,   0.00000000E+00,  -0.34683218E-10,
 35775.043,   1,  0.11742009E+10,   0.00000000E+00,  -0.13398066E+10,   0.00000000E+00,   0.00000000E+00,   0.16219512E+08,   0.00000000E+00,   0.00000000E+00,  -0.26413599E-10,
 35776.043,   1,  0.11758416E+10,   0.00000000E+00,  -0.13415708E+10,   0.00000000E+00,   0.00000000E+00,   0.16233357E+08,   0.00000000E+00,   0.00000000E+00,  -0.26553702E-10,
 35777.046,   1,  0.11774447E+10,   0.00000000E+00,  -0.13432281E+10,   0.00000000E+00,   0.00000000E+00,   0.16253403E+08,   0.00000000E+00,   0.00000000E+00,  -0.27504333E-10,
 35778.043,   1,  0.11790024E+10,   0.00000000E+00,  -0.13447937E+10,   0.00000000E+00,   0.00000000E+00,   0.16273132E+08,   0.00000000E+00,   0.00000000E+00,  -0.25194344E-10,
