JDAY,DLT(s),ELWS(m),T2(C),U(ms-1),Q(m3s-1),SRON(Wm-2),EXT(m-1),DEPTH(m),WIDTH(m),SHADE,Tvolavg(C),NetRad(Wm-2),SWSolar(Wm-2),LWRad(Wm-2),BackRad(Wm-2),EvapF(Wm-2),ConducF(Wm-2),ReaerationCoeff(day-1),
 37630.042,   600.000,   155.820,    11.570,     0.000,     0.000,     0.000,     0.250,    63.320,  1337.130,     1.000,    10.838,  -134.870,     0.000,   265.592,   362.096,    29.231,     9.135,     0.000,
 37631.042,    90.956,   156.037,    11.128,     0.000,     0.000,     0.000,     0.250,    63.537,  1337.130,     1.000,    10.737,  -160.087,     0.000,   254.590,   359.856,    37.694,    17.127,     0.000,
 37632.042,    57.449,   156.180,    10.962,     0.000,     0.000,     0.000,     0.250,    63.680,  1337.130,     1.000,    10.641,  -180.198,     0.000,   263.347,   359.013,    53.082,    31.449,     0.000,
 37633.042,    78.354,   156.281,    10.814,     0.000,     0.000,     0.000,     0.250,    63.781,  1337.130,     1.000,    10.526,  -137.208,     0.000,   281.081,   358.268,    39.427,    20.594,     0.000,
 37634.042,    62.684,   156.512,    10.663,     0.000,     0.000,     0.000,     0.250,    64.012,  1381.320,     1.000,    10.425,  -126.124,     0.000,   273.793,   357.505,    28.502,    13.909,     0.000,
 37635.045,   383.094,   156.850,    10.628,     0.000,     0.000,     0.000,     0.250,    64.350,  1381.320,     1.000,    10.339,  -114.003,     0.000,   271.191,   357.331,    19.151,     8.713,     0.000,
 37636.042,    79.964,   157.164,    10.551,     0.000,     0.000,     0.000,     0.250,    64.664,  1381.320,     1.000,    10.229,   -88.353,     0.000,   295.216,   356.938,    17.135,     9.495,     0.000,
 37637.042,    89.774,   157.408,    10.485,     0.000,     0.000,     0.000,     0.250,    64.908,  1381.320,     1.000,    10.138,   -86.299,     0.000,   288.964,   356.610,    13.256,     5.397,     0.000,
 37638.046,   489.543,   157.620,    10.469,     0.000,     0.000,     0.000,     0.250,    65.120,  1448.550,     1.000,    10.065,   -67.053,     0.000,   299.988,   356.536,     8.899,     1.607,     0.000,
 37639.043,   109.585,   157.818,    10.431,     0.000,     0.000,     0.000,     0.250,    65.318,  1448.550,     1.000,    10.010,   -69.238,     0.000,   298.052,   356.335,    11.290,    -0.335,     0.000,
 37640.042,    60.065,   158.009,    10.419,     0.000,     0.000,     0.000,     0.250,    65.509,  1448.550,     1.000,     9.950,   -38.842,     0.000,   323.025,   356.276,    23.633,   -18.042,     0.000,
 37641.042,   191.014,   158.142,    10.423,     0.000,     0.000,     0.000,     0.250,    65.642,  1448.550,     1.000,     9.936,   -55.227,     0.000,   305.718,   356.300,     9.369,    -4.724,     0.000,
 37642.042,    63.426,   158.305,    10.412,     0.000,     0.000,     0.000,     0.250,    65.805,  1448.550,     1.000,     9.918,   -46.462,     0.000,   310.405,   356.242,    24.734,   -24.108,     0.000,
 37643.042,   102.559,   158.472,    10.381,     0.000,     0.000,     0.000,     0.250,    65.972,  1448.550,     1.000,     9.942,   -66.876,     0.000,   297.575,   356.086,     8.848,    -0.483,     0.000,
 37644.043,   287.075,   158.584,    10.392,     0.000,     0.000,     0.000,     0.250,    66.084,  1506.420,     1.000,     9.919,   -61.383,     0.000,   300.431,   356.145,     8.388,    -2.719,     0.000,
 37645.042,   153.710,   158.702,    10.386,     0.000,     0.000,     0.000,     0.250,    66.202,  1506.420,     1.000,     9.895,   -72.154,     0.000,   285.465,   356.110,     4.094,    -2.585,     0.000,
 37646.046,   470.395,   158.792,    10.384,     0.000,     0.000,     0.000,     0.250,    66.292,  1506.420,     1.000,     9.882,  -112.916,     0.000,   263.242,   356.106,    16.676,     3.376,     0.000,
 37647.047,   600.000,   158.879,    10.406,     0.000,     0.000,     0.000,     0.250,    66.379,  1506.420,     1.000,     9.860,   -75.467,     0.000,   297.393,   356.229,    17.294,    -0.664,     0.000,
 37648.044,   299.287,   158.967,    10.381,     0.000,     0.000,     0.000,     0.250,    66.467,  1506.420,     1.000,     9.858,   -88.525,     0.000,   278.735,   356.088,    14.385,    -3.213,     0.000,
 37649.047,   600.000,   159.015,    10.473,     0.000,     0.000,     0.000,     0.250,    66.515,  1506.420,     1.000,     9.878,   -82.727,     0.000,   278.174,   356.586,    11.401,    -7.086,     0.000,
 37650.047,   551.901,   159.068,    10.533,     0.000,     0.000,     0.000,     0.250,    66.568,  1506.420,     1.000,     9.880,   -72.760,     0.000,   291.413,   356.884,    23.179,   -15.890,     0.000,
 37651.047,   600.000,   159.126,    10.757,     0.000,     0.000,     0.000,     0.250,    66.626,  1506.420,     1.000,     9.945,   -51.961,     0.000,   313.853,   358.011,    26.493,   -18.690,     0.000,
 37652.042,   144.713,   159.191,    10.628,     0.000,     0.000,     0.000,     0.250,    66.691,  1506.420,     1.000,     9.885,   -52.053,     0.000,   335.185,   357.330,    59.557,   -29.648,     0.000,
 37653.043,   117.634,   159.292,    10.449,     0.000,     0.000,     0.000,     0.250,    66.792,  1506.420,     1.000,     9.853,   -80.011,     0.000,   296.316,   356.427,    15.995,     3.905,     0.000,
 37654.043,   120.744,   159.370,    10.420,     0.000,     0.000,     0.000,     0.250,    66.870,  1506.420,     1.000,     9.826,  -123.482,     0.000,   270.811,   356.280,    27.288,    10.725,     0.000,
 37655.044,   290.955,   159.472,    10.401,     0.000,     0.000,     0.000,     0.250,    66.972,  1506.420,     1.000,     9.805,   -94.682,     0.000,   299.202,   356.189,    35.359,     2.336,     0.000,
 37656.042,    18.125,   159.694,     9.897,     0.000,     0.000,     0.000,     0.250,    67.194,  1562.540,     1.000,     9.492,   -46.395,     0.000,   308.216,   353.660,    19.180,   -18.229,     0.000,
 37657.042,    87.938,   159.996,     9.996,     0.000,     0.000,     0.000,     0.250,    67.496,  1562.540,     1.000,     9.712,   -73.522,     0.000,   300.838,   354.153,    20.221,    -0.015,     0.000,
 37658.044,   369.153,   160.288,    10.065,     0.000,     0.000,     0.000,     0.250,    67.788,  1562.540,     1.000,     9.663,   -83.514,     0.000,   291.701,   354.505,    16.511,     4.199,     0.000,
 37659.042,    99.421,   160.562,    10.046,     0.000,     0.000,     0.000,     0.250,    68.062,  1616.270,     1.000,     9.614,  -102.113,     0.000,   285.828,   354.405,    20.462,    13.074,     0.000,
 37660.042,    51.741,   160.787,     9.981,     0.000,     0.000,     0.000,     0.250,    68.287,  1616.270,     1.000,     9.537,  -171.009,     0.000,   253.554,   354.080,    44.851,    25.632,     0.000,
 37661.047,   600.000,   160.963,     9.934,     0.000,     0.000,     0.000,     0.250,    68.463,  1616.270,     1.000,     9.504,  -157.525,     0.000,   242.467,   353.851,    27.382,    18.759,     0.000,
 37662.046,   437.421,   161.099,     9.909,     0.000,     0.000,     0.000,     0.250,    68.599,  1616.270,     1.000,     9.456,  -164.274,     0.000,   247.251,   353.730,    38.952,    18.843,     0.000,
 37663.047,   600.000,   161.194,     9.893,     0.000,     0.000,     0.000,     0.250,    68.694,  1616.270,     1.000,     9.411,  -157.134,     0.000,   251.243,   353.657,    40.556,    14.164,     0.000,
 37664.047,   600.000,   161.309,     9.890,     0.000,     0.000,     0.000,     0.250,    68.809,  1616.270,     1.000,     9.388,  -145.014,     0.000,   255.240,   353.642,    35.428,    11.184,     0.000,
 37665.043,   222.666,   161.471,     9.900,     0.000,     0.000,     0.000,     0.250,    68.971,  1616.270,     1.000,     9.377,  -127.214,     0.000,   260.025,   353.683,    26.622,     6.935,     0.000,
 37666.043,   270.170,   161.613,     9.927,     0.000,     0.000,     0.000,     0.250,    69.113,  1669.420,     1.000,     9.325,   -88.288,     0.000,   274.489,   353.820,    11.739,    -2.783,     0.000,
 37667.043,   297.161,   161.727,    10.033,     0.000,     0.000,     0.000,     0.250,    69.227,  1669.420,     1.000,     9.379,  -103.232,     0.000,   267.583,   354.357,    14.330,     2.129,     0.000,
 37668.043,   273.066,   161.898,    10.090,     0.000,     0.000,     0.000,     0.250,    69.398,  1669.420,     1.000,     9.363,   -52.337,     0.000,   311.615,   354.634,    13.468,    -4.149,     0.000,
 37669.043,   132.582,   162.086,     9.992,     0.000,     0.000,     0.000,     0.250,    69.586,  1669.420,     1.000,     9.240,   -69.217,     0.000,   288.506,   354.138,    12.108,    -8.523,     0.000,
 37670.042,   166.282,   162.346,    10.046,     0.000,     0.000,     0.000,     0.250,    69.846,  1669.420,     1.000,     9.259,   -10.394,     0.000,   304.617,   354.410,   -11.286,   -28.113,     0.000,
 37671.042,   181.251,   162.703,     9.984,     0.000,     0.000,     0.000,     0.250,    70.203,  1723.440,     1.000,     9.326,   -90.306,     0.000,   286.240,   354.099,    34.278,   -11.830,     0.000,
 37672.044,   375.953,   163.003,    10.121,     0.000,     0.000,     0.000,     0.250,    70.503,  1723.440,     1.000,     9.366,   -70.092,     0.000,   294.901,   354.789,    15.428,    -5.225,     0.000,
 37673.045,   457.544,   163.213,    10.180,     0.000,     0.000,     0.000,     0.250,    70.713,  1723.440,     1.000,     9.394,  -115.592,     0.000,   265.863,   355.096,    25.547,     0.812,     0.000,
 37674.046,   492.920,   163.406,    10.272,     0.000,     0.000,     0.000,     0.250,    70.906,  1723.440,     1.000,     9.415,  -117.895,     0.000,   270.323,   355.563,    34.469,    -1.814,     0.000,
 37675.047,   600.000,   163.502,    10.326,     0.000,     0.000,     0.000,     0.250,    71.002,  1779.400,     1.000,     9.439,   -94.358,     0.000,   276.891,   355.834,    16.349,    -0.933,     0.000,
 37676.047,   600.000,   163.490,    10.470,     0.000,     0.000,     0.000,     0.250,    70.990,  1723.440,     1.000,     9.448,   -98.905,     0.000,   274.042,   356.565,    19.436,    -3.054,     0.000,
 37677.047,   600.000,   163.507,    10.594,     0.000,     0.000,     0.000,     0.250,    71.007,  1779.400,     1.000,     9.489,   -88.142,     0.000,   281.133,   357.193,    16.135,    -4.052,     0.000,
 37678.047,   600.000,   163.564,    10.637,     0.000,     0.000,     0.000,     0.250,    71.064,  1779.400,     1.000,     9.549,   -70.004,     0.000,   288.855,   357.391,     5.142,    -3.675,     0.000,
 37679.046,   544.488,   163.659,    10.747,     0.000,     0.000,     0.000,     0.250,    71.159,  1779.400,     1.000,     9.576,  -112.635,     0.000,   265.440,   357.957,    17.049,     3.068,     0.000,
 37680.047,   600.000,   163.771,    10.877,     0.000,     0.000,     0.000,     0.250,    71.271,  1779.400,     1.000,     9.623,   -91.284,     0.000,   278.173,   358.616,    17.282,    -6.442,     0.000,
 37681.044,   384.905,   163.859,    10.903,     0.000,     0.000,     0.000,     0.250,    71.359,  1779.400,     1.000,     9.595,  -101.558,     0.000,   287.964,   358.736,    40.070,    -9.283,     0.000,
 37682.046,   501.897,   164.044,    10.530,     0.000,     0.000,     0.000,     0.250,    71.544,  1779.400,     1.000,     9.451,   -74.929,     0.000,   296.094,   356.848,    17.230,    -3.055,     0.000,
 37683.046,   517.746,   164.305,    10.530,     0.000,     0.000,     0.000,     0.250,    71.805,  1779.400,     1.000,     9.506,  -119.087,     0.000,   265.979,   356.842,    18.399,     9.825,     0.000,
 37684.043,   252.371,   164.489,    10.576,     0.000,     0.000,     0.000,     0.250,    71.989,  1779.400,     1.000,     9.535,  -110.792,     0.000,   274.781,   357.070,    24.621,     3.882,     0.000,
 37685.044,   319.380,   164.572,    10.712,     0.000,     0.000,     0.000,     0.250,    72.072,  1830.320,     1.000,     9.563,  -131.832,     0.000,   264.981,   357.764,    32.903,     6.145,     0.000,
 37686.044,   316.269,   164.613,    10.712,     0.000,     0.000,     0.000,     0.250,    72.113,  1830.320,     1.000,     9.579,  -121.164,     0.000,   272.323,   357.759,    30.109,     5.619,     0.000,
 37687.044,   335.488,   164.636,    10.821,     0.000,     0.000,     0.000,     0.250,    72.136,  1830.320,     1.000,     9.608,  -117.478,     0.000,   265.455,   358.315,    18.016,     6.602,     0.000,
 37688.044,   356.424,   164.650,    10.805,     0.000,     0.000,     0.000,     0.250,    72.150,  1830.320,     1.000,     9.561,  -125.402,     0.000,   262.812,   358.230,    22.717,     7.266,     0.000,
 37689.044,   385.802,   164.676,    10.960,     0.000,     0.000,     0.000,     0.250,    72.176,  1830.320,     1.000,     9.621,  -114.498,     0.000,   272.026,   359.022,    28.275,    -0.774,     0.000,
 37690.045,   394.711,   164.708,    11.119,     0.000,     0.000,     0.000,     0.250,    72.208,  1830.320,     1.000,     9.683,  -102.998,     0.000,   273.873,   359.833,    18.209,    -1.171,     0.000,
 37691.045,   399.472,   164.739,    11.238,     0.000,     0.000,     0.000,     0.250,    72.239,  1830.320,     1.000,     9.694,  -127.818,     0.000,   271.745,   360.440,    38.616,     0.507,     0.000,
 37692.045,   393.421,   164.776,    11.364,     0.000,     0.000,     0.000,     0.250,    72.276,  1830.320,     1.000,     9.746,  -110.377,     0.000,   269.731,   361.065,    15.982,     3.060,     0.000,
 37693.045,   453.486,   164.789,    11.475,     0.000,     0.000,     0.000,     0.250,    72.289,  1830.320,     1.000,     9.798,  -122.890,     0.000,   274.859,   361.636,    26.296,     9.816,     0.000,
 37694.043,   294.333,   164.876,    11.471,     0.000,     0.000,     0.000,     0.250,    72.376,  1830.320,     1.000,     9.747,  -129.250,     0.000,   276.168,   361.608,    38.496,     5.315,     0.000,
 37695.043,   248.087,   165.025,    11.182,     0.000,     0.000,     0.000,     0.250,    72.525,  1830.320,     1.000,     9.570,  -176.160,     0.000,   308.728,   360.169,   235.547,  -110.828,     0.000,
 37696.044,   341.060,   165.195,    11.384,     0.000,     0.000,     0.000,     0.250,    72.695,  1830.320,     1.000,     9.908,  -112.288,     0.000,   281.465,   361.179,    39.277,    -6.702,     0.000,
 37697.043,   268.807,   165.393,    11.528,     0.000,     0.000,     0.000,     0.250,    72.893,  1830.320,     1.000,     9.914,   -94.523,     0.000,   284.727,   361.901,    23.487,    -6.138,     0.000,
 37698.043,   282.867,   165.610,    11.801,     0.000,     0.000,     0.000,     0.250,    73.110,  1882.250,     1.000,     9.906,   -92.336,     0.000,   288.084,   363.297,    26.318,    -9.195,     0.000,
 37699.044,   338.178,   165.823,    12.036,     0.000,     0.000,     0.000,     0.250,    73.323,  1882.250,     1.000,    10.049,   -78.895,     0.000,   291.413,   364.512,    17.348,   -11.552,     0.000,
 37700.044,   336.751,   166.053,    12.409,     0.000,     0.000,     0.000,     0.250,    73.553,  1882.250,     1.000,    10.158,   -73.113,     0.000,   294.832,   366.419,    12.925,   -11.398,     0.000,
 37701.045,   399.917,   166.303,    12.580,     0.000,     0.000,     0.000,     0.250,    73.803,  1882.250,     1.000,    10.197,   -93.079,     0.000,   301.711,   367.296,    40.847,   -13.353,     0.000,
 37702.045,   436.176,   166.569,    12.706,     0.000,     0.000,     0.000,     0.250,    74.069,  1927.730,     1.000,    10.249,  -112.220,     0.000,   288.457,   367.943,    39.581,    -6.847,     0.000,
 37703.045,   440.843,   166.711,    12.906,     0.000,     0.000,     0.000,     0.250,    74.211,  1927.730,     1.000,    10.335,  -103.807,     0.000,   293.449,   368.968,    31.781,    -3.493,     0.000,
 37704.047,   581.854,   167.033,    12.696,     0.000,     0.000,     0.000,     0.250,    74.533,  1927.730,     1.000,    10.305,  -124.039,     0.000,   303.330,   367.887,    42.666,    16.816,     0.000,
 37705.043,   229.710,   167.418,    12.491,     0.000,     0.000,     0.000,     0.250,    74.918,  1927.730,     1.000,    10.227,  -156.004,     0.000,   275.759,   366.813,    44.162,    20.789,     0.000,
 37706.042,   206.397,   167.662,    12.601,     0.000,     0.000,     0.000,     0.250,    75.162,  1969.210,     1.000,    10.400,  -135.016,     0.000,   267.562,   367.379,    25.904,     9.296,     0.000,
 37707.042,   206.410,   167.911,    12.761,     0.000,     0.000,     0.000,     0.250,    75.411,  1969.210,     1.000,    10.407,  -134.610,     0.000,   274.971,   368.204,    35.591,     5.786,     0.000,
 37708.042,   207.068,   168.183,    12.944,     0.000,     0.000,     0.000,     0.250,    75.683,  1969.210,     1.000,    10.428,   -92.361,     0.000,   304.247,   369.152,    26.572,     0.883,     0.000,
 37709.042,   180.971,   168.515,    12.933,     0.000,     0.000,     0.000,     0.250,    76.015,  2005.400,     1.000,    10.443,  -142.619,     0.000,   283.293,   369.090,    43.875,    12.948,     0.000,
 37710.043,   136.706,   168.932,    12.755,     0.000,     0.000,     0.000,     0.250,    76.432,  2005.400,     1.000,    10.290,  -222.416,     0.000,   297.844,   368.180,   120.083,    31.998,     0.000,
 37711.044,   302.602,   169.333,    12.184,     0.000,     0.000,     0.000,     0.250,    76.833,  2005.400,     1.000,    10.405,  -123.086,     0.000,   272.715,   365.242,    25.209,     5.350,     0.000,
 37712.044,   356.389,   169.650,    12.326,     0.000,     0.000,     0.000,     0.250,    77.150,  2038.850,     1.000,    10.268,  -121.455,     0.000,   279.522,   365.971,    28.301,     6.706,     0.000,
 37713.045,   423.319,   169.937,    12.631,     0.000,     0.000,     0.000,     0.250,    77.437,  2038.850,     1.000,    10.440,  -102.272,     0.000,   284.729,   367.560,    22.064,    -2.623,     0.000,
 37714.044,   300.828,   170.198,    12.995,     0.000,     0.000,     0.000,     0.250,    77.698,  2038.850,     1.000,    10.540,   -85.943,     0.000,   298.288,   369.428,    28.346,   -13.543,     0.000,
 37715.046,   542.769,   170.458,    13.329,     0.000,     0.000,     0.000,     0.250,    77.958,  2038.850,     1.000,    10.637,  -125.286,     0.000,   284.648,   371.177,    31.957,     6.799,     0.000,
 37716.046,   479.355,   170.729,    11.835,     0.000,     0.000,     0.000,     0.250,    78.229,  2072.430,     1.000,    10.134,  -167.709,     0.000,   275.227,   363.458,    51.867,    27.611,     0.000,
 37717.047,   595.083,   170.983,    12.102,     0.000,     0.000,     0.000,     0.250,    78.483,  2072.430,     1.000,    10.452,  -185.274,     0.000,   247.252,   364.825,    45.563,    22.138,     0.000,
 37718.047,   600.000,   171.180,    12.337,     0.000,     0.000,     0.000,     0.250,    78.680,  2072.430,     1.000,    10.543,  -151.676,     0.000,   262.301,   366.046,    36.922,    11.009,     0.000,
 37719.047,   528.299,   171.330,    12.494,     0.000,     0.000,     0.000,     0.250,    78.830,  2072.430,     1.000,    10.508,  -165.264,     0.000,   258.015,   366.854,    41.534,    14.891,     0.000,
 37720.047,   600.000,   171.420,    12.738,     0.000,     0.000,     0.000,     0.250,    78.920,  2072.430,     1.000,    10.605,  -137.618,     0.000,   278.174,   368.119,    44.609,     3.063,     0.000,
 37721.047,   600.000,   171.489,    12.986,     0.000,     0.000,     0.000,     0.250,    78.989,  2072.430,     1.000,    10.618,  -108.288,     0.000,   291.413,   369.407,    37.933,    -7.639,     0.000,
 37722.047,   600.000,   171.570,    13.392,     0.000,     0.000,     0.000,     0.250,    79.070,  2106.080,     1.000,    10.774,   -63.939,     0.000,   305.234,   371.550,    14.869,   -17.246,     0.000,
 37723.047,   600.000,   171.666,    13.821,     0.000,     0.000,     0.000,     0.250,    79.166,  2106.080,     1.000,    10.853,   -65.395,     0.000,   312.318,   373.813,    29.121,   -25.221,     0.000,
 37724.045,   397.356,   171.792,    14.089,     0.000,     0.000,     0.000,     0.250,    79.292,  2106.080,     1.000,    10.995,  -162.231,     0.000,   291.372,   375.157,    69.960,     8.486,     0.000,
 37725.044,   329.112,   171.968,    12.994,     0.000,     0.000,     0.000,     0.250,    79.468,  2106.080,     1.000,    10.928,  -162.664,     0.000,   289.285,   369.391,    52.072,    30.485,     0.000,
 37726.047,   600.000,   172.119,    13.062,     0.000,     0.000,     0.000,     0.250,    79.619,  2106.080,     1.000,    10.932,  -126.317,     0.000,   284.038,   369.755,    30.424,    10.177,     0.000,
 37727.047,   600.000,   172.205,    13.408,     0.000,     0.000,     0.000,     0.250,    79.705,  2106.080,     1.000,    10.942,   -79.000,     0.000,   311.325,   371.570,    22.643,    -3.887,     0.000,
 37728.047,   600.000,   172.266,    14.071,     0.000,     0.000,     0.000,     0.250,    79.766,  2106.080,     1.000,    11.065,   -81.193,     0.000,   298.785,   375.060,    10.184,    -5.266,     0.000,
 37729.047,   600.000,   172.333,    14.511,     0.000,     0.000,     0.000,     0.250,    79.833,  2106.080,     1.000,    11.175,   -59.595,     0.000,   309.116,   377.387,     3.193,   -11.870,     0.000,
 37730.042,   193.127,   172.385,    14.789,     0.000,     0.000,     0.000,     0.250,    79.885,  2106.080,     1.000,    11.240,   -73.882,     0.000,   313.817,   378.775,    23.317,   -14.393,     0.000,
 37731.042,   183.969,   172.423,    15.339,     0.000,     0.000,     0.000,     0.250,    79.923,  2106.080,     1.000,    11.422,   -76.344,     0.000,   308.727,   381.679,    10.504,    -7.111,     0.000,
 37732.042,   159.071,   172.462,    15.928,     0.000,     0.000,     0.000,     0.250,    79.962,  2106.080,     1.000,    11.537,   -89.145,     0.000,   308.727,   384.806,    17.460,    -4.393,     0.000,
 37733.043,   151.544,   172.676,    16.515,     0.000,     0.000,     0.000,     0.250,    80.176,  2138.340,     1.000,    11.656,   -57.359,     0.000,   323.164,   387.944,     5.502,   -12.923,     0.000,
 37734.043,   136.446,   173.159,    17.342,     0.000,     0.000,     0.000,     0.250,    80.659,  2138.340,     1.000,    11.853,  -149.789,     0.000,   294.159,   392.383,    43.193,     8.372,     0.000,
 37735.042,    86.195,   173.700,    17.139,     0.000,     0.000,     0.000,     0.250,    81.200,  2171.600,     1.000,    11.900,  -186.798,     0.000,   281.590,   391.282,    54.832,    22.274,     0.000,
 37736.043,   115.644,   174.129,    16.683,     0.000,     0.000,     0.000,     0.250,    81.629,  2171.600,     1.000,    11.849,  -179.438,     0.000,   282.651,   388.827,    50.501,    22.762,     0.000,
 37737.043,   122.296,   174.559,    16.252,     0.000,     0.000,     0.000,     0.250,    82.059,  2216.730,     1.000,    11.708,  -196.416,     0.000,   305.835,   386.539,    95.574,    20.138,     0.000,
 37738.042,   196.256,   174.900,    15.382,     0.001,     0.000,     0.000,     0.250,    82.400,  2216.730,     1.000,    11.765,  -154.819,     0.000,   286.804,   381.894,    43.526,    16.204,     0.000,
 37739.042,   209.243,   175.137,    16.084,     0.000,     0.000,     0.000,     0.250,    82.637,  2216.730,     1.000,    11.921,  -165.407,     0.000,   278.173,   385.625,    44.754,    13.201,     0.000,
 37740.042,   193.650,   175.403,    16.556,     0.000,     0.000,     0.000,     0.250,    82.903,  2216.730,     1.000,    11.943,  -164.585,     0.000,   281.463,   388.158,    45.332,    12.558,     0.000,
 37741.042,   192.448,   175.652,    16.467,     0.000,     0.000,     0.000,     0.250,    83.152,  2259.720,     1.000,    12.005,  -185.074,     0.000,   274.972,   387.678,    55.980,    16.389,     0.000,
 37742.042,   198.328,   175.840,    16.843,     0.000,     0.000,     0.000,     0.250,    83.340,  2259.720,     1.000,    12.112,  -178.465,     0.000,   288.084,   389.693,    66.763,    10.093,     0.000,
 37743.042,   206.442,   175.980,    17.005,     0.000,     0.000,     0.000,     0.250,    83.480,  2259.720,     1.000,    12.126,  -169.634,     0.000,   298.288,   390.578,    70.940,     6.403,     0.000,
 37744.043,   238.641,   176.045,    17.455,     0.000,     0.000,     0.000,     0.250,    83.545,  2259.720,     1.000,    12.275,  -146.336,     0.000,   305.234,   393.011,    55.556,     3.003,     0.000,
 37745.042,   194.031,   176.171,    18.013,     0.000,     0.000,     0.000,     0.250,    83.671,  2259.720,     1.000,    12.388,  -185.670,     0.000,   291.373,   396.034,    63.607,    17.402,     0.000,
 37746.043,   238.678,   176.312,    17.316,     0.000,     0.000,     0.000,     0.250,    83.812,  2259.720,     1.000,    12.340,  -228.521,     0.000,   269.118,   392.250,    68.759,    36.631,     0.000,
 37747.044,   330.691,   176.245,    16.509,     0.000,     0.000,     0.000,     0.250,    83.745,  2259.720,     1.000,    12.218,  -223.835,     0.000,   258.754,   387.939,    65.409,    29.241,     0.000,
 37748.044,   337.046,   176.036,    16.887,     0.000,     0.000,     0.000,     0.250,    83.536,  2259.720,     1.000,    12.385,  -186.054,     0.000,   283.474,   389.940,    64.000,    15.589,     0.000,
 37749.044,   302.079,   175.772,    17.153,     0.001,     0.000,     0.000,     0.250,    83.272,  2259.720,     1.000,    12.456,  -175.480,     0.000,   284.728,   391.370,    56.122,    12.716,     0.000,
 37750.043,   237.909,   175.550,    17.423,     0.001,     0.000,     0.000,     0.250,    83.050,  2259.720,     1.000,    12.466,  -125.696,     0.000,   312.318,   392.824,    46.450,    -1.259,     0.000,
 37751.043,   256.140,   175.374,    17.791,     0.001,     0.000,     0.000,     0.250,    82.874,  2216.730,     1.000,    12.521,  -148.004,     0.000,   319.536,   394.836,    78.479,    -5.775,     0.000,
 37752.043,   217.194,   175.245,    18.152,     0.001,     0.000,     0.000,     0.250,    82.745,  2216.730,     1.000,    12.582,  -117.383,     0.000,   326.892,   396.788,    56.366,    -8.880,     0.000,
 37753.042,   186.081,   175.225,    18.733,     0.001,     0.000,     0.000,     0.250,    82.725,  2216.730,     1.000,    12.758,  -112.046,     0.000,   334.388,   399.958,    56.139,    -9.663,     0.000,
 37754.042,   153.653,   175.326,    18.576,     0.001,     0.000,     0.000,     0.250,    82.826,  2216.730,     1.000,    12.749,  -133.373,     0.000,   326.888,   399.086,    66.248,    -5.073,     0.000,
 37755.042,   170.054,   175.424,    19.207,     0.001,     0.000,     0.000,     0.250,    82.924,  2216.730,     1.000,    12.938,  -165.306,     0.000,   315.879,   402.557,    75.484,     3.144,     0.000,
 37756.042,   147.604,   175.524,    20.082,     0.001,     0.000,     0.000,     0.250,    83.024,  2259.720,     1.000,    13.088,  -117.889,     0.000,   335.180,   407.407,    49.152,    -3.490,     0.000,
 37757.042,   155.628,   175.625,    20.792,     0.000,     0.000,     0.000,     0.250,    83.125,  2259.720,     1.000,    13.182,  -145.360,     0.000,   327.344,   411.385,    58.285,     3.034,     0.000,
 37758.042,   170.797,   175.666,    20.920,     0.000,     0.000,     0.000,     0.250,    83.166,  2259.720,     1.000,    13.267,  -174.698,     0.000,   312.315,   412.100,    64.164,    10.749,     0.000,
 37759.042,   154.299,   175.783,    20.823,     0.000,     0.000,     0.000,     0.250,    83.283,  2259.720,     1.000,    13.337,  -156.076,     0.000,   319.535,   411.548,    57.137,     6.926,     0.000,
 37760.042,   167.820,   175.969,    20.438,     0.000,     0.000,     0.000,     0.250,    83.469,  2259.720,     1.000,    13.402,  -206.803,     0.000,   291.533,   409.406,    68.427,    20.503,     0.000,
 37761.042,   181.547,   176.124,    20.489,     0.000,     0.000,     0.000,     0.250,    83.624,  2259.720,     1.000,    13.492,  -213.157,     0.000,   291.411,   409.677,    74.220,    20.671,     0.000,
 37762.043,   224.535,   176.169,    20.471,     0.000,     0.000,     0.000,     0.250,    83.669,  2259.720,     1.000,    13.552,  -221.255,     0.000,   294.835,   409.584,    87.806,    18.701,     0.000,
 37763.043,   228.827,   176.118,    20.470,     0.000,     0.000,     0.000,     0.250,    83.618,  2259.720,     1.000,    13.527,  -218.205,     0.000,   315.880,   409.592,   115.736,     8.757,     0.000,
 37764.043,   251.970,   176.004,    20.617,     0.000,     0.000,     0.000,     0.250,    83.504,  2259.720,     1.000,    13.650,  -193.199,     0.000,   305.234,   410.413,    73.892,    14.129,     0.000,
 37765.043,   219.324,   175.891,    20.930,     0.000,     0.000,     0.000,     0.250,    83.391,  2259.720,     1.000,    13.806,  -198.176,     0.000,   312.317,   412.154,    87.559,    10.781,     0.000,
 37766.043,   237.898,   175.783,    20.261,     0.000,     0.000,     0.000,     0.250,    83.283,  2259.720,     1.000,    13.730,  -244.397,     0.000,   271.744,   408.435,    76.429,    31.277,     0.000,
 37767.043,   237.921,   175.641,    20.359,     0.000,     0.000,     0.000,     0.250,    83.141,  2259.720,     1.000,    13.852,  -227.605,     0.000,   281.463,   408.955,    74.218,    25.896,     0.000,
 37768.043,   228.758,   175.515,    20.633,     0.000,     0.000,     0.000,     0.250,    83.015,  2259.720,     1.000,    13.932,  -189.643,     0.000,   315.879,   410.504,    86.250,     8.767,     0.000,
 37769.042,   211.273,   175.434,    20.976,     0.000,     0.000,     0.000,     0.250,    82.934,  2216.730,     1.000,    14.002,  -153.515,     0.000,   330.656,   412.418,    70.340,     1.412,     0.000,
 37770.042,   196.894,   175.397,    20.756,     0.000,     0.000,     0.000,     0.250,    82.897,  2216.730,     1.000,    13.979,  -209.169,     0.000,   305.235,   411.174,    87.716,    15.514,     0.000,
 37771.042,   190.364,   175.392,    20.686,     0.000,     0.000,     0.000,     0.250,    82.892,  2216.730,     1.000,    14.122,  -168.646,     0.000,   323.163,   410.761,    76.898,     4.149,     0.000,
 37772.042,   170.105,   175.457,    21.088,     0.000,     0.000,     0.000,     0.250,    82.957,  2216.730,     1.000,    14.204,  -128.330,     0.000,   345.937,   413.029,    66.994,    -5.756,     0.000,
 37773.042,   192.018,   175.533,    21.419,     0.000,     0.000,     0.000,     0.250,    83.033,  2259.720,     1.000,    14.289,  -151.023,     0.000,   342.030,   414.904,    80.856,    -2.707,     0.000,
 37774.042,   195.666,   175.568,    21.449,     0.000,     0.000,     0.000,     0.250,    83.068,  2259.720,     1.000,    14.384,  -219.670,     0.000,   302.025,   415.063,    87.546,    19.086,     0.000,
 37775.042,   205.374,   175.575,    21.663,     0.000,     0.000,     0.000,     0.250,    83.075,  2259.720,     1.000,    14.508,  -169.400,     0.000,   326.616,   416.283,    70.493,     9.239,     0.000,
 37776.042,   212.865,   175.541,    21.031,     0.000,     0.000,     0.000,     0.250,    83.041,  2259.720,     1.000,    14.450,  -179.746,     0.000,   311.314,   412.700,    65.687,    12.673,     0.000,
 37777.042,   203.637,   175.501,    22.168,     0.000,     0.000,     0.000,     0.250,    83.001,  2259.720,     1.000,    14.663,  -131.624,     0.000,   357.826,   419.180,    83.392,   -13.122,     0.000,
 37778.042,   175.366,   175.541,    22.898,     0.000,     0.000,     0.000,     0.250,    83.041,  2259.720,     1.000,    14.741,   -76.017,     0.000,   382.698,   423.301,    52.814,   -17.400,     0.000,
 37779.042,   159.336,   175.781,    23.328,     0.000,     0.000,     0.000,     0.250,    83.281,  2259.720,     1.000,    14.928,  -146.349,     0.000,   349.816,   425.749,    70.405,     0.011,     0.000,
 37780.043,   223.060,   176.092,    23.688,     0.000,     0.000,     0.000,     0.250,    83.592,  2259.720,     1.000,    15.035,  -229.993,     0.000,   323.161,   427.846,   109.167,    16.141,     0.000,
 37781.043,   247.251,   176.320,    23.467,     0.000,     0.000,     0.000,     0.250,    83.820,  2259.720,     1.000,    15.075,  -223.998,     0.000,   314.570,   426.568,    93.080,    18.920,     0.000,
 37782.043,   230.592,   176.490,    23.273,     0.000,     0.000,     0.000,     0.250,    83.990,  2259.720,     1.000,    15.187,  -188.741,     0.000,   330.657,   425.434,    84.683,     9.281,     0.000,
 37783.043,   253.048,   176.528,    23.589,     0.000,     0.000,     0.000,     0.250,    84.028,  2296.510,     1.000,    15.226,  -129.020,     0.000,   365.901,   427.281,    74.637,    -6.998,     0.000,
 37784.043,   258.004,   176.454,    24.243,     0.000,     0.000,     0.000,     0.250,    83.954,  2259.720,     1.000,    15.362,  -115.147,     0.000,   382.833,   431.092,    83.856,   -16.969,     0.000,
 37785.043,   274.231,   176.343,    24.101,     0.000,     0.000,     0.000,     0.250,    83.843,  2259.720,     1.000,    15.461,  -202.394,     0.000,   334.958,   430.260,    97.107,     9.985,     0.000,
 37786.043,   294.088,   176.184,    24.295,     0.000,     0.000,     0.000,     0.250,    83.684,  2259.720,     1.000,    15.578,  -240.831,     0.000,   315.876,   431.359,   104.948,    20.399,     0.000,
 37787.044,   359.150,   175.935,    24.070,     0.000,     0.000,     0.000,     0.250,    83.435,  2259.720,     1.000,    15.603,  -256.536,     0.000,   326.890,   430.105,   137.819,    15.501,     0.000,
 37788.044,   342.945,   175.618,    23.162,     0.000,     0.000,     0.000,     0.250,    83.118,  2259.720,     1.000,    15.632,  -232.053,     0.000,   319.536,   424.840,   112.122,    14.628,     0.000,
 37789.044,   352.295,   175.272,    22.580,     0.000,     0.000,     0.000,     0.250,    82.772,  2216.730,     1.000,    15.647,  -227.119,     0.000,   323.163,   421.502,   116.834,    11.945,     0.000,
 37790.043,   298.179,   174.960,    20.829,     0.000,     0.000,     0.000,     0.250,    82.460,  2216.730,     1.000,    15.587,  -199.653,     0.000,   319.534,   411.556,   101.004,     6.627,     0.000,
 37791.044,   329.386,   174.657,    21.464,     0.000,     0.000,     0.000,     0.250,    82.157,  2216.730,     1.000,    15.818,  -175.568,     0.000,   338.143,   415.148,    97.365,     1.198,     0.000,
 37792.043,   269.402,   174.343,    21.845,     0.000,     0.000,     0.000,     0.250,    81.843,  2171.600,     1.000,    15.873,  -212.838,     0.000,   315.876,   417.308,    99.378,    12.027,     0.000,
 37793.043,   252.402,   174.052,    22.275,     0.000,     0.000,     0.000,     0.250,    81.552,  2171.600,     1.000,    16.023,  -188.991,     0.000,   330.661,   419.745,    94.029,     5.879,     0.000,
 37794.043,   215.720,   173.845,    22.892,     0.000,     0.000,     0.000,     0.250,    81.345,  2171.600,     1.000,    16.076,  -153.701,     0.000,   365.901,   423.267,   109.153,   -12.819,     0.000,
 37795.042,   202.447,   173.693,    24.122,     0.000,     0.000,     0.000,     0.250,    81.193,  2171.600,     1.000,    16.230,  -145.958,     0.000,   378.272,   430.368,   107.474,   -13.612,     0.000,
 37796.042,   202.077,   173.489,    24.338,     0.000,     0.000,     0.000,     0.250,    80.989,  2138.340,     1.000,    16.350,  -130.129,     0.000,   386.674,   431.592,    92.933,    -7.721,     0.000,
 37797.042,   213.701,   173.205,    24.373,     0.000,     0.000,     0.000,     0.250,    80.705,  2138.340,     1.000,    16.412,   -70.405,     0.000,   416.891,   431.784,    66.808,   -11.297,     0.000,
 37798.042,   182.729,   172.910,    24.601,     0.000,     0.000,     0.000,     0.250,    80.410,  2138.340,     1.000,    16.485,  -199.874,     0.000,   362.394,   433.116,   130.454,    -1.302,     0.000,
 37799.042,   190.241,   172.636,    24.436,     0.000,     0.000,     0.000,     0.250,    80.136,  2138.340,     1.000,    16.562,  -221.692,     0.000,   338.357,   432.167,   118.664,     9.217,     0.000,
 37800.042,   200.567,   172.347,    24.460,     0.000,     0.000,     0.000,     0.250,    79.847,  2106.080,     1.000,    16.661,  -239.622,     0.000,   326.894,   432.293,   118.977,    15.246,     0.000,
 37801.042,   154.493,   172.096,    25.562,     0.000,     0.000,     0.000,     0.250,    79.596,  2106.080,     1.000,    16.870,  -245.905,     0.000,   357.746,   438.807,   159.808,     5.036,     0.000,
 37802.046,   586.445,   171.890,    25.568,     0.000,     0.000,     0.000,     0.250,    79.390,  2106.080,     1.000,    16.859,  -214.185,     0.000,   369.961,   438.888,   147.355,    -2.097,     0.000,
 37803.045,   446.580,   171.674,    25.703,     0.000,     0.000,     0.000,     0.250,    79.174,  2106.080,     1.000,    17.015,  -214.034,     0.000,   353.795,   439.633,   121.252,     6.944,     0.000,
 37804.045,   462.709,   171.441,    25.900,     0.000,     0.000,     0.000,     0.250,    78.941,  2072.430,     1.000,    17.086,  -186.335,     0.000,   369.963,   440.743,   116.313,    -0.758,     0.000,
 37805.044,   317.985,   171.132,    26.400,     0.000,     0.000,     0.000,     0.250,    78.632,  2072.430,     1.000,    17.215,  -162.914,     0.000,   395.358,   443.689,   126.073,   -11.489,     0.000,
 37806.045,   438.982,   170.791,    27.225,     0.000,     0.000,     0.000,     0.250,    78.291,  2072.430,     1.000,    17.367,  -202.293,     0.000,   386.738,   448.657,   144.800,    -4.426,     0.000,
 37807.045,   452.848,   170.514,    27.426,     0.000,     0.000,     0.000,     0.250,    78.014,  2072.430,     1.000,    17.525,  -204.290,     0.000,   382.524,   449.807,   138.181,    -1.174,     0.000,
 37808.044,   393.990,   170.334,    28.092,     0.000,     0.000,     0.000,     0.250,    77.834,  2038.850,     1.000,    17.639,  -210.480,     0.000,   404.222,   453.807,   171.737,   -10.843,     0.000,
 37809.044,   392.310,   170.557,    26.444,     0.000,     0.000,     0.000,     0.250,    78.057,  2072.430,     1.000,    17.641,  -126.451,     0.000,   413.166,   443.982,   115.389,   -19.754,     0.000,
 37810.044,   356.835,   170.150,    26.661,     0.000,     0.000,     0.000,     0.250,    77.650,  2038.850,     1.000,    17.702,  -150.232,     0.000,   391.069,   445.231,   103.653,    -7.583,     0.000,
 37811.045,   398.482,   169.405,    28.155,     0.000,     0.000,     0.000,     0.250,    76.905,  2005.400,     1.000,    17.728,  -210.362,     0.000,   391.067,   454.256,   149.543,    -2.370,     0.000,
 37812.044,   326.133,   168.982,    28.768,     0.000,     0.000,     0.000,     0.250,    76.482,  2005.400,     1.000,    17.831,  -217.257,     0.000,   391.064,   458.054,   150.557,    -0.290,     0.000,
 37813.044,   326.708,   168.464,    28.969,     0.000,     0.000,     0.000,     0.250,    75.964,  1969.210,     1.000,    17.888,  -204.376,     0.000,   395.372,   459.162,   142.432,    -1.846,     0.000,
 37814.043,   237.535,   167.941,    29.865,     0.000,     0.000,     0.000,     0.250,    75.441,  1969.210,     1.000,    18.033,  -232.869,     0.000,   404.674,   464.710,   175.351,    -2.519,     0.000,
 37815.043,   255.593,   167.520,    28.657,     0.000,     0.000,     0.000,     0.250,    75.020,  1969.210,     1.000,    17.817,  -192.459,     0.000,   422.946,   457.272,   167.216,    -9.083,     0.000,
 37816.043,   294.005,   167.162,    28.340,     0.000,     0.000,     0.000,     0.250,    74.662,  1927.730,     1.000,    18.028,  -214.203,     0.000,   386.061,   455.270,   141.156,     3.838,     0.000,
 37817.045,   441.519,   166.785,    28.936,     0.000,     0.000,     0.000,     0.250,    74.285,  1927.730,     1.000,    18.193,  -245.464,     0.000,   365.913,   458.917,   140.899,    11.561,     0.000,
 37818.046,   494.889,   166.314,    29.207,     0.000,     0.000,     0.000,     0.250,    73.814,  1882.250,     1.000,    18.240,  -271.640,     0.000,   353.796,   460.529,   146.741,    18.167,     0.000,
 37819.045,   405.388,   165.757,    28.981,     0.000,     0.000,     0.000,     0.250,    73.257,  1882.250,     1.000,    18.172,  -323.706,     0.000,   330.654,   459.225,   165.008,    30.127,     0.000,
 37820.043,   284.418,   165.208,    28.057,     0.000,     0.000,     0.000,     0.250,    72.708,  1830.320,     1.000,    18.247,  -244.236,     0.000,   357.744,   453.563,   136.500,    11.916,     0.000,
 37821.043,   257.051,   164.733,    28.295,     0.000,     0.000,     0.000,     0.250,    72.233,  1830.320,     1.000,    18.313,  -208.163,     0.000,   386.916,   455.008,   140.169,    -0.098,     0.000,
 37822.043,   319.457,   164.382,    28.499,     0.000,     0.000,     0.000,     0.250,    71.882,  1779.400,     1.000,    18.401,  -173.666,     0.000,   397.256,   456.245,   117.867,    -3.189,     0.000,
 37823.043,   249.861,   164.067,    28.585,     0.000,     0.000,     0.000,     0.250,    71.567,  1779.400,     1.000,    18.443,  -240.771,     0.000,   362.047,   456.758,   133.802,    12.258,     0.000,
 37824.046,   431.068,   163.723,    28.978,     0.000,     0.000,     0.000,     0.250,    71.223,  1779.400,     1.000,    18.587,  -220.805,     0.000,   387.433,   459.241,   146.710,     2.287,     0.000,
 37825.045,   415.116,   163.385,    29.912,     0.000,     0.000,     0.000,     0.250,    70.885,  1723.440,     1.000,    18.679,  -228.592,     0.000,   392.109,   464.973,   152.246,     3.481,     0.000,
 37826.044,   351.701,   163.063,    30.147,     0.000,     0.000,     0.000,     0.250,    70.563,  1723.440,     1.000,    18.753,  -234.197,     0.000,   392.140,   466.487,   155.430,     4.420,     0.000,
 37827.043,   282.328,   162.739,    29.551,     0.000,     0.000,     0.000,     0.250,    70.239,  1723.440,     1.000,    18.642,  -259.071,     0.000,   383.797,   462.657,   173.461,     6.749,     0.000,
 37828.043,   260.038,   162.438,    29.260,     0.000,     0.000,     0.000,     0.250,    69.938,  1669.420,     1.000,    18.783,  -259.846,     0.000,   378.338,   460.854,   170.349,     6.981,     0.000,
 37829.043,   315.091,   162.205,    28.560,     0.000,     0.000,     0.000,     0.250,    69.705,  1669.420,     1.000,    18.714,  -332.544,     0.000,   345.937,   456.622,   198.279,    23.580,     0.000,
 37830.044,   341.356,   161.957,    28.284,     0.000,     0.000,     0.000,     0.250,    69.457,  1669.420,     1.000,    18.710,  -348.511,     0.000,   308.726,   454.955,   160.312,    41.971,     0.000,
 37831.043,   297.815,   161.615,    28.214,     0.000,     0.000,     0.000,     0.250,    69.115,  1669.420,     1.000,    18.755,  -301.309,     0.000,   334.394,   454.517,   156.916,    24.270,     0.000,
 37832.043,   272.590,   161.195,    28.224,     0.000,     0.000,     0.000,     0.250,    68.695,  1616.270,     1.000,    18.784,  -298.427,     0.000,   326.892,   454.577,   142.648,    28.094,     0.000,
 37833.045,   421.315,   160.803,    28.049,     0.000,     0.000,     0.000,     0.250,    68.303,  1616.270,     1.000,    18.726,  -279.035,     0.000,   338.226,   453.548,   141.902,    21.811,     0.000,
 37834.044,   307.828,   160.502,    27.961,     0.000,     0.000,     0.000,     0.250,    68.002,  1616.270,     1.000,    18.792,  -278.610,     0.000,   361.870,   453.010,   175.372,    12.097,     0.000,
 37835.043,   286.116,   160.259,    28.041,     0.000,     0.000,     0.000,     0.250,    67.759,  1562.540,     1.000,    18.849,  -218.742,     0.000,   381.485,   453.477,   140.137,     6.613,     0.000,
 37836.044,   308.800,   160.033,    27.666,     0.000,     0.000,     0.000,     0.250,    67.533,  1562.540,     1.000,    18.807,  -171.367,     0.000,   406.636,   451.215,   127.199,    -0.411,     0.000,
 37837.044,   315.453,   159.810,    28.059,     0.000,     0.000,     0.000,     0.250,    67.310,  1562.540,     1.000,    18.907,  -200.444,     0.000,   394.111,   453.620,   143.729,    -2.795,     0.000,
 37838.043,   302.926,   159.581,    28.411,     0.000,     0.000,     0.000,     0.250,    67.081,  1562.540,     1.000,    18.989,  -250.103,     0.000,   365.901,   455.785,   149.971,    10.247,     0.000,
 37839.044,   295.320,   159.284,    28.408,     0.000,     0.000,     0.000,     0.250,    66.784,  1506.420,     1.000,    19.008,  -264.732,     0.000,   357.745,   455.688,   152.600,    14.189,     0.000,
 37840.043,   289.155,   158.981,    28.558,     0.000,     0.000,     0.000,     0.250,    66.481,  1506.420,     1.000,    19.036,  -231.792,     0.000,   395.357,   456.593,   173.877,    -3.321,     0.000,
 37841.046,   547.063,   158.763,    28.902,     0.000,     0.000,     0.000,     0.250,    66.263,  1506.420,     1.000,    19.167,  -279.758,     0.000,   365.898,   458.822,   174.057,    12.778,     0.000,
 37842.046,   511.582,   158.630,    28.855,     0.000,     0.000,     0.000,     0.250,    66.130,  1506.420,     1.000,    19.165,  -255.895,     0.000,   374.134,   458.425,   164.310,     7.293,     0.000,
 37843.046,   506.374,   158.640,    28.961,     0.000,     0.000,     0.000,     0.250,    66.140,  1506.420,     1.000,    19.231,  -280.576,     0.000,   369.964,   459.102,   180.572,    10.866,     0.000,
 37844.046,   483.267,   158.681,    28.985,     0.000,     0.000,     0.000,     0.250,    66.181,  1506.420,     1.000,    19.271,  -245.519,     0.000,   382.520,   459.233,   164.757,     4.049,     0.000,
 37845.046,   556.917,   158.622,    29.022,     0.000,     0.000,     0.000,     0.250,    66.122,  1506.420,     1.000,    19.293,  -288.853,     0.000,   345.941,   459.482,   153.944,    21.367,     0.000,
 37846.046,   520.670,   158.522,    28.884,     0.000,     0.000,     0.000,     0.250,    66.022,  1506.420,     1.000,    19.293,  -326.906,     0.000,   330.656,   458.608,   169.190,    29.763,     0.000,
 37847.045,   473.785,   158.364,    28.672,     0.000,     0.000,     0.000,     0.250,    65.864,  1448.550,     1.000,    19.271,  -323.989,     0.000,   330.657,   457.311,   169.609,    27.726,     0.000,
 37848.045,   424.068,   158.119,    28.456,     0.000,     0.000,     0.000,     0.250,    65.619,  1448.550,     1.000,    19.258,  -285.320,     0.000,   345.937,   455.999,   155.849,    19.408,     0.000,
 37849.046,   460.422,   157.944,    28.156,     0.000,     0.000,     0.000,     0.250,    65.444,  1448.550,     1.000,    19.259,  -294.690,     0.000,   334.390,   454.188,   150.808,    24.084,     0.000,
 37850.044,   384.440,   157.876,    27.819,     0.000,     0.000,     0.000,     0.250,    65.376,  1448.550,     1.000,    19.198,  -288.810,     0.000,   338.225,   452.159,   152.888,    21.988,     0.000,
 37851.045,   430.492,   157.828,    27.358,     0.000,     0.000,     0.000,     0.250,    65.328,  1448.550,     1.000,    19.139,  -292.251,     0.000,   326.892,   449.398,   139.732,    30.012,     0.000,
 37852.044,   417.121,   157.783,    27.209,     0.000,     0.000,     0.000,     0.250,    65.283,  1448.550,     1.000,    19.160,  -302.610,     0.000,   326.891,   448.504,   153.638,    27.360,     0.000,
 37853.044,   398.467,   157.704,    27.016,     0.000,     0.000,     0.000,     0.250,    65.204,  1448.550,     1.000,    19.177,  -272.746,     0.000,   338.225,   447.330,   144.533,    19.107,     0.000,
 37854.044,   335.144,   157.599,    26.750,     0.000,     0.000,     0.000,     0.250,    65.099,  1448.550,     1.000,    19.132,  -269.969,     0.000,   342.030,   445.759,   150.040,    16.200,     0.000,
 37855.045,   420.420,   157.502,    26.729,     0.000,     0.000,     0.000,     0.250,    65.002,  1448.550,     1.000,    19.157,  -280.763,     0.000,   330.654,   445.635,   143.728,    22.055,     0.000,
 37856.044,   416.829,   157.376,    26.491,     0.000,     0.000,     0.000,     0.250,    64.876,  1381.320,     1.000,    19.126,  -295.533,     0.000,   308.726,   444.219,   126.913,    33.128,     0.000,
 37857.045,   486.935,   157.270,    26.159,     0.000,     0.000,     0.000,     0.250,    64.770,  1381.320,     1.000,    19.088,  -297.418,     0.000,   321.480,   442.253,   146.943,    29.701,     0.000,
 37858.045,   433.716,   157.170,    25.549,     0.000,     0.000,     0.000,     0.250,    64.670,  1381.320,     1.000,    18.986,  -275.185,     0.000,   316.036,   438.658,   126.761,    25.802,     0.000,
 37859.045,   451.879,   157.050,    25.530,     0.000,     0.000,     0.000,     0.250,    64.550,  1381.320,     1.000,    18.974,  -265.038,     0.000,   334.389,   438.548,   142.843,    18.035,     0.000,
 37860.045,   521.183,   156.926,    25.466,     0.000,     0.000,     0.000,     0.250,    64.426,  1381.320,     1.000,    19.032,  -243.640,     0.000,   353.819,   438.170,   152.306,     6.983,     0.000,
 37861.045,   506.597,   156.822,    26.058,     0.000,     0.000,     0.000,     0.250,    64.322,  1381.320,     1.000,    19.134,  -228.987,     0.000,   361.805,   441.739,   144.964,     4.090,     0.000,
 37862.045,   514.151,   156.741,    26.385,     0.000,     0.000,     0.000,     0.250,    64.241,  1381.320,     1.000,    19.199,  -254.948,     0.000,   345.942,   443.692,   144.242,    12.956,     0.000,
 37863.046,   598.787,   156.658,    26.395,     0.000,     0.000,     0.000,     0.250,    64.158,  1381.320,     1.000,    19.247,  -255.177,     0.000,   361.134,   443.792,   164.429,     8.090,     0.000,
 37864.046,   562.855,   156.607,    26.615,     0.000,     0.000,     0.000,     0.250,    64.107,  1381.320,     1.000,    19.291,  -224.612,     0.000,   360.111,   445.077,   129.817,     9.829,     0.000,
 37865.043,   315.269,   156.583,    27.017,     0.000,     0.000,     0.000,     0.250,    64.083,  1381.320,     1.000,    19.354,  -203.154,     0.000,   375.850,   447.384,   128.333,     3.287,     0.000,
 37866.045,   465.509,   156.548,    26.860,     0.000,     0.000,     0.000,     0.250,    64.048,  1381.320,     1.000,    19.394,  -253.001,     0.000,   346.490,   446.525,   136.304,    16.661,     0.000,
 37867.045,   475.835,   156.504,    26.637,     0.000,     0.000,     0.000,     0.250,    64.004,  1381.320,     1.000,    19.395,  -233.588,     0.000,   350.744,   445.099,   127.912,    11.321,     0.000,
 37868.044,   379.681,   156.516,    26.972,     0.000,     0.000,     0.000,     0.250,    64.016,  1381.320,     1.000,    19.444,  -210.857,     0.000,   380.064,   447.143,   144.714,    -0.936,     0.000,
 37869.045,   426.840,   156.552,    27.327,     0.000,     0.000,     0.000,     0.250,    64.052,  1381.320,     1.000,    19.502,  -234.407,     0.000,   391.267,   449.292,   183.176,    -6.793,     0.000,
 37870.044,   379.972,   156.627,    27.320,     0.000,     0.000,     0.000,     0.250,    64.127,  1381.320,     1.000,    19.553,  -223.723,     0.000,   380.312,   449.217,   154.374,     0.444,     0.000,
 37871.044,   377.104,   156.794,    27.501,     0.000,     0.000,     0.000,     0.250,    64.294,  1381.320,     1.000,    19.601,  -238.057,     0.000,   376.407,   450.294,   160.957,     3.213,     0.000,
 37872.044,   376.442,   157.032,    27.517,     0.000,     0.000,     0.000,     0.250,    64.532,  1381.320,     1.000,    19.658,  -230.493,     0.000,   390.459,   450.373,   173.834,    -3.255,     0.000,
 37873.045,   478.183,   157.225,    27.409,     0.000,     0.000,     0.000,     0.250,    64.725,  1381.320,     1.000,    19.699,  -287.928,     0.000,   387.449,   449.755,   230.399,    -4.777,     0.000,
 37874.047,   600.000,   157.188,    27.498,     0.000,     0.000,     0.000,     0.250,    64.688,  1381.320,     1.000,    19.762,  -213.271,     0.000,   391.451,   450.289,   159.338,    -4.904,     0.000,
 37875.047,   600.000,   156.995,    27.184,     0.000,     0.000,     0.000,     0.250,    64.495,  1381.320,     1.000,    19.780,  -317.154,     0.000,   308.727,   448.363,   141.904,    35.614,     0.000,
 37876.047,   600.000,   156.826,    26.862,     0.000,     0.000,     0.000,     0.250,    64.326,  1381.320,     1.000,    19.748,  -283.876,     0.000,   319.533,   446.439,   128.470,    28.500,     0.000,
 37877.047,   583.439,   156.713,    26.544,     0.000,     0.000,     0.000,     0.250,    64.213,  1381.320,     1.000,    19.708,  -263.270,     0.000,   334.718,   444.550,   134.854,    18.584,     0.000,
 37878.047,   600.000,   156.682,    26.347,     0.000,     0.000,     0.000,     0.250,    64.182,  1381.320,     1.000,    19.693,  -262.659,     0.000,   342.671,   443.378,   146.273,    15.679,     0.000,
 37879.047,   600.000,   156.696,    26.161,     0.000,     0.000,     0.000,     0.250,    64.196,  1381.320,     1.000,    19.685,  -264.383,     0.000,   338.956,   442.295,   144.963,    16.081,     0.000,
 37880.047,   600.000,   156.644,    25.716,     0.000,     0.000,     0.000,     0.250,    64.144,  1381.320,     1.000,    19.625,  -299.957,     0.000,   300.403,   439.654,   123.220,    37.486,     0.000,
 37881.047,   600.000,   156.637,    24.970,     0.000,     0.000,     0.000,     0.250,    64.137,  1381.320,     1.000,    19.509,  -305.775,     0.000,   289.072,   435.301,   119.940,    39.606,     0.000,
 37882.047,   600.000,   156.599,    24.519,     0.000,     0.000,     0.000,     0.250,    64.099,  1381.320,     1.000,    19.442,  -241.635,     0.000,   324.399,   432.642,   110.361,    23.030,     0.000,
 37883.047,   600.000,   156.394,    24.251,     0.000,     0.000,     0.000,     0.250,    63.894,  1337.130,     1.000,    19.366,  -227.287,     0.000,   329.146,   431.084,   103.235,    22.114,     0.000,
 37884.047,   593.192,   156.247,    24.080,     0.000,     0.000,     0.000,     0.250,    63.747,  1337.130,     1.000,    19.326,  -224.564,     0.000,   323.885,   430.089,   100.620,    17.740,     0.000,
 37885.046,   557.884,   156.241,    24.128,     0.000,     0.000,     0.000,     0.250,    63.741,  1337.130,     1.000,    19.329,  -241.867,     0.000,   336.641,   430.400,   133.503,    14.605,     0.000,
 37886.046,   561.319,   156.276,    24.329,     0.000,     0.000,     0.000,     0.250,    63.776,  1337.130,     1.000,    19.353,  -189.939,     0.000,   352.218,   431.676,   106.576,     3.904,     0.000,
 37887.046,   535.363,   156.279,    24.368,     0.000,     0.000,     0.000,     0.250,    63.779,  1337.130,     1.000,    19.380,  -198.652,     0.000,   355.204,   431.913,   119.861,     2.082,     0.000,
 37888.046,   573.207,   156.225,    24.752,     0.000,     0.000,     0.000,     0.250,    63.725,  1337.130,     1.000,    19.409,  -177.170,     0.000,   367.135,   434.131,   112.950,    -2.776,     0.000,
 37889.045,   471.287,   156.180,    24.957,     0.000,     0.000,     0.000,     0.250,    63.680,  1337.130,     1.000,    19.446,  -175.850,     0.000,   376.577,   435.312,   122.868,    -5.753,     0.000,
 37890.046,   550.911,   156.110,    24.483,     0.000,     0.000,     0.000,     0.250,    63.610,  1337.130,     1.000,    19.451,  -217.133,     0.000,   335.790,   432.438,   108.943,    11.543,     0.000,
 37891.046,   558.981,   155.990,    24.376,     0.000,     0.000,     0.000,     0.250,    63.490,  1337.130,     1.000,    19.432,  -215.527,     0.000,   342.952,   431.820,   118.453,     8.207,     0.000,
 37892.047,   564.441,   155.918,    24.361,     0.000,     0.000,     0.000,     0.250,    63.418,  1337.130,     1.000,    19.428,  -223.955,     0.000,   350.773,   431.759,   138.362,     4.608,     0.000,
 37893.047,   566.034,   155.883,    24.121,     0.000,     0.000,     0.000,     0.250,    63.383,  1337.130,     1.000,    19.322,  -222.658,     0.000,   339.591,   430.351,   122.569,     9.330,     0.000,
 37894.047,   600.000,   155.785,    23.779,     0.000,     0.000,     0.000,     0.250,    63.285,  1337.130,     1.000,    19.263,  -231.415,     0.000,   343.611,   428.373,   139.727,     6.925,     0.000,
 37895.045,   473.283,   155.658,    23.660,     0.000,     0.000,     0.000,     0.250,    63.158,  1337.130,     1.000,    19.268,  -226.147,     0.000,   353.711,   427.672,   150.399,     1.788,     0.000,
 37896.045,   464.999,   155.529,    23.605,     0.000,     0.000,     0.000,     0.250,    63.029,  1337.130,     1.000,    19.263,  -137.564,     0.000,   379.191,   427.342,   100.334,   -10.922,     0.000,
 37897.046,   499.060,   155.358,    23.669,     0.000,     0.000,     0.000,     0.250,    62.858,  1296.810,     1.000,    19.258,  -181.874,     0.000,   382.653,   427.719,   155.561,   -18.754,     0.000,
 37898.045,   455.358,   155.179,    23.688,     0.000,     0.000,     0.000,     0.250,    62.679,  1296.810,     1.000,    19.306,  -177.985,     0.000,   381.978,   427.822,   147.700,   -15.559,     0.000,
 37899.045,   424.917,   155.041,    23.759,     0.000,     0.000,     0.000,     0.250,    62.541,  1296.810,     1.000,    19.374,  -153.074,     0.000,   380.977,   428.225,   118.168,   -12.341,     0.000,
 37900.044,   381.398,   154.940,    23.856,     0.000,     0.000,     0.000,     0.250,    62.440,  1296.810,     1.000,    19.406,  -150.633,     0.000,   378.948,   428.779,   108.837,    -8.034,     0.000,
 37901.044,   335.614,   154.876,    23.902,     0.000,     0.000,     0.000,     0.250,    62.376,  1296.810,     1.000,    19.399,  -138.729,     0.000,   385.787,   429.050,   105.334,    -9.867,     0.000,
 37902.044,   346.097,   154.811,    23.891,     0.000,     0.000,     0.000,     0.250,    62.311,  1296.810,     1.000,    19.435,  -151.375,     0.000,   371.095,   428.982,    99.172,    -5.684,     0.000,
 37903.045,   457.075,   154.644,    23.906,     0.000,     0.000,     0.000,     0.250,    62.144,  1296.810,     1.000,    19.439,  -168.613,     0.000,   368.913,   429.084,   112.564,    -4.122,     0.000,
 37904.046,   503.738,   154.379,    23.754,     0.000,     0.000,     0.000,     0.250,    61.879,  1261.290,     1.000,    19.425,  -178.981,     0.000,   357.934,   428.204,   103.452,     5.258,     0.000,
 37905.045,   451.979,   154.123,    23.512,     0.000,     0.000,     0.000,     0.250,    61.623,  1261.290,     1.000,    19.353,  -176.857,     0.000,   351.087,   426.807,    93.216,     7.922,     0.000,
 37906.044,   405.778,   153.972,    23.272,     0.000,     0.000,     0.000,     0.250,    61.472,  1261.290,     1.000,    19.319,  -234.306,     0.000,   343.128,   425.423,   144.267,     7.745,     0.000,
 37907.047,   600.000,   153.866,    23.079,     0.000,     0.000,     0.000,     0.250,    61.366,  1261.290,     1.000,    19.366,  -218.885,     0.000,   313.141,   424.324,    87.680,    20.022,     0.000,
 37908.045,   455.468,   153.713,    22.900,     0.000,     0.000,     0.000,     0.250,    61.213,  1261.290,     1.000,    19.276,  -220.947,     0.000,   332.618,   423.299,   116.259,    14.007,     0.000,
 37909.046,   535.448,   153.553,    22.654,     0.000,     0.000,     0.000,     0.250,    61.053,  1261.290,     1.000,    19.215,  -189.615,     0.000,   336.741,   421.894,    95.197,     9.266,     0.000,
 37910.047,   540.115,   153.411,    22.529,     0.000,     0.000,     0.000,     0.250,    60.911,  1229.310,     1.000,    19.218,  -189.837,     0.000,   349.656,   421.179,   106.097,    12.217,     0.000,
 37911.046,   493.455,   153.255,    22.142,     0.000,     0.000,     0.000,     0.250,    60.755,  1229.310,     1.000,    19.102,  -219.420,     0.000,   306.132,   418.978,    79.057,    27.517,     0.000,
 37912.046,   472.608,   153.100,    21.874,     0.000,     0.000,     0.000,     0.250,    60.600,  1229.310,     1.000,    19.055,  -284.310,     0.000,   289.831,   417.458,   126.397,    30.286,     0.000,
 37913.044,   305.846,   153.010,    21.566,     0.000,     0.000,     0.000,     0.250,    60.510,  1229.310,     1.000,    18.972,  -297.000,     0.000,   293.335,   415.704,   140.267,    34.364,     0.000,
 37914.043,   249.281,   152.962,    21.344,     0.000,     0.000,     0.000,     0.250,    60.462,  1229.310,     1.000,    18.878,  -354.240,     0.000,   299.807,   414.453,   202.495,    37.099,     0.000,
 37915.045,   381.243,   152.928,    21.159,     0.000,     0.000,     0.000,     0.250,    60.428,  1229.310,     1.000,    18.810,  -284.927,     0.000,   314.154,   413.418,   167.759,    17.904,     0.000,
 37916.042,   154.004,   152.832,    20.958,     0.001,     0.000,     0.000,     0.250,    60.332,  1229.310,     1.000,    18.670,  -267.073,     0.000,   319.099,   412.274,   159.983,    13.915,     0.000,
 37917.042,   154.183,   152.663,    20.752,     0.001,     0.000,     0.000,     0.250,    60.163,  1229.310,     1.000,    18.575,  -278.873,     0.000,   313.051,   411.124,   160.255,    20.545,     0.000,
 37918.043,   234.063,   152.570,    20.602,     0.001,     0.000,     0.000,     0.250,    60.070,  1229.310,     1.000,    18.575,  -190.820,     0.000,   315.030,   410.283,    85.928,     9.639,     0.000,
 37919.043,   141.669,   152.700,    20.452,     0.001,     0.000,     0.000,     0.250,    60.200,  1229.310,     1.000,    18.477,  -248.811,     0.000,   302.895,   409.444,   118.676,    23.586,     0.000,
 37920.042,   169.906,   152.883,    20.300,     0.000,     0.000,     0.000,     0.250,    60.383,  1229.310,     1.000,    18.391,  -190.201,     0.000,   320.642,   408.594,    92.693,     9.556,     0.000,
 37921.043,   129.412,   152.946,    20.191,     0.000,     0.000,     0.000,     0.250,    60.446,  1229.310,     1.000,    18.338,  -224.130,     0.000,   337.737,   407.990,   138.815,    15.062,     0.000,
 37922.042,   180.954,   152.947,    20.057,     0.001,     0.000,     0.000,     0.250,    60.447,  1229.310,     1.000,    18.264,  -187.289,     0.000,   315.643,   407.245,    79.628,    16.059,     0.000,
 37923.042,   104.105,   152.909,    19.740,     0.000,     0.000,     0.000,     0.250,    60.409,  1229.310,     1.000,    18.114,  -241.595,     0.000,   272.360,   405.482,    77.041,    31.432,     0.000,
 37924.042,    96.173,   152.869,    19.577,     0.001,     0.000,     0.000,     0.250,    60.369,  1229.310,     1.000,    18.013,  -240.176,     0.000,   281.676,   404.583,    89.116,    28.153,     0.000,
 37925.042,    89.072,   152.858,    19.427,     0.001,     0.000,     0.000,     0.250,    60.358,  1229.310,     1.000,    17.933,  -274.147,     0.000,   292.588,   403.751,   127.721,    35.263,     0.000,
 37926.042,    96.262,   152.870,    19.269,     0.001,     0.000,     0.000,     0.250,    60.370,  1229.310,     1.000,    17.816,  -234.234,     0.000,   275.605,   402.879,    75.211,    31.749,     0.000,
 37927.042,    95.933,   152.907,    19.136,     0.000,     0.000,     0.000,     0.250,    60.407,  1229.310,     1.000,    17.724,  -198.790,     0.000,   300.969,   402.145,    77.730,    19.884,     0.000,
 37928.043,   107.517,   152.931,    19.004,     0.000,     0.000,     0.000,     0.250,    60.431,  1229.310,     1.000,    17.626,  -259.933,     0.000,   257.635,   401.423,    77.968,    38.177,     0.000,
 37929.042,    60.131,   152.959,    18.817,     0.001,     0.000,     0.000,     0.250,    60.459,  1229.310,     1.000,    17.489,  -236.242,     0.000,   276.519,   400.396,    81.052,    31.314,     0.000,
 37930.042,    63.894,   152.914,    18.667,     0.001,     0.000,     0.000,     0.250,    60.414,  1229.310,     1.000,    17.363,  -273.755,     0.000,   285.253,   399.572,   119.044,    40.392,     0.000,
 37931.042,    75.283,   152.770,    18.531,     0.001,     0.000,     0.000,     0.250,    60.270,  1229.310,     1.000,    17.258,  -231.014,     0.000,   289.421,   398.826,    93.921,    27.687,     0.000,
 37932.042,    59.502,   152.616,    18.395,     0.001,     0.000,     0.000,     0.250,    60.116,  1229.310,     1.000,    17.134,  -284.141,     0.000,   276.314,   398.087,   123.940,    38.428,     0.000,
 37933.042,    54.390,   152.487,    18.234,     0.000,     0.000,     0.000,     0.250,    59.987,  1198.530,     1.000,    17.015,  -339.171,     0.000,   278.727,   397.205,   174.423,    46.270,     0.000,
 37934.042,    66.418,   152.372,    18.088,     0.000,     0.000,     0.000,     0.250,    59.872,  1198.530,     1.000,    16.919,  -281.388,     0.000,   280.136,   396.410,   130.912,    34.203,     0.000,
 37935.042,    48.150,   152.251,    17.954,     0.000,     0.000,     0.000,     0.250,    59.751,  1198.530,     1.000,    16.802,  -328.852,     0.000,   290.374,   395.679,   179.435,    44.112,     0.000,
 37936.042,    65.634,   152.130,    17.825,     0.001,     0.000,     0.000,     0.250,    59.630,  1198.530,     1.000,    16.699,  -230.742,     0.000,   292.113,   394.981,   103.051,    24.823,     0.000,
 37937.042,    61.249,   152.001,    17.621,     0.001,     0.000,     0.000,     0.250,    59.501,  1198.530,     1.000,    16.588,  -284.469,     0.000,   270.298,   393.874,   100.390,    60.504,     0.000,
 37938.042,    78.433,   151.856,    17.469,     0.001,     0.000,     0.000,     0.250,    59.356,  1198.530,     1.000,    16.480,  -221.587,     0.000,   272.224,   393.053,    68.090,    32.668,     0.000,
 37939.042,    69.682,   151.707,    17.349,     0.001,     0.000,     0.000,     0.250,    59.207,  1198.530,     1.000,    16.363,  -249.877,     0.000,   282.743,   392.404,   101.622,    38.594,     0.000,
 37940.042,    66.074,   151.592,    17.216,     0.000,     0.000,     0.000,     0.250,    59.092,  1198.530,     1.000,    16.238,  -198.515,     0.000,   276.180,   391.686,    59.164,    23.844,     0.000,
 37941.042,    70.534,   151.497,    17.057,     0.000,     0.000,     0.000,     0.250,    58.997,  1162.250,     1.000,    16.118,  -276.525,     0.000,   247.014,   390.825,    84.751,    47.963,     0.000,
 37942.042,    87.198,   151.381,    16.909,     0.000,     0.000,     0.000,     0.250,    58.881,  1162.250,     1.000,    15.996,  -237.692,     0.000,   259.982,   390.029,    73.153,    34.492,     0.000,
 37943.042,    90.909,   151.254,    16.787,     0.000,     0.000,     0.000,     0.250,    58.754,  1162.250,     1.000,    15.880,  -216.022,     0.000,   266.328,   389.374,    66.744,    26.232,     0.000,
 37944.042,    84.191,   151.148,    16.635,     0.000,     0.000,     0.000,     0.250,    58.648,  1162.250,     1.000,    15.781,  -265.789,     0.000,   251.650,   388.559,    85.947,    42.933,     0.000,
 37945.042,    76.220,   151.055,    16.484,     0.000,     0.000,     0.000,     0.250,    58.555,  1162.250,     1.000,    15.645,  -216.168,     0.000,   281.121,   387.750,    83.554,    25.985,     0.000,
 37946.042,    84.125,   150.950,    16.372,     0.000,     0.000,     0.000,     0.250,    58.450,  1162.250,     1.000,    15.524,  -184.665,     0.000,   296.359,   387.150,    86.410,     7.464,     0.000,
 37947.043,   133.145,   150.901,    16.282,     0.000,     0.000,     0.000,     0.250,    58.401,  1162.250,     1.000,    15.441,  -213.034,     0.000,   305.375,   386.670,   119.103,    12.636,     0.000,
 37948.042,   169.081,   150.963,    16.223,     0.000,     0.000,     0.000,     0.250,    58.463,  1162.250,     1.000,    15.388,  -144.217,     0.000,   340.163,   386.354,    87.655,    10.370,     0.000,
 37949.042,   191.355,   151.053,    16.123,     0.000,     0.000,     0.000,     0.250,    58.553,  1162.250,     1.000,    15.270,  -174.525,     0.000,   278.606,   385.823,    46.220,    21.088,     0.000,
 37950.042,   203.873,   151.129,    16.058,     0.000,     0.000,     0.000,     0.250,    58.629,  1162.250,     1.000,    15.181,  -159.965,     0.000,   294.636,   385.477,    50.352,    18.772,     0.000,
 37951.042,   183.887,   151.220,    15.955,     0.000,     0.000,     0.000,     0.250,    58.720,  1162.250,     1.000,    15.093,   -79.414,     0.000,   337.060,   384.923,    24.692,     6.859,     0.000,
 37952.043,   253.933,   151.315,    15.853,     0.000,     0.000,     0.000,     0.250,    58.815,  1162.250,     1.000,    14.978,  -125.317,     0.000,   314.267,   384.384,    37.128,    18.072,     0.000,
 37953.042,   167.260,   151.409,    15.735,     0.000,     0.000,     0.000,     0.250,    58.909,  1162.250,     1.000,    14.865,  -170.429,     0.000,   291.627,   383.756,    50.412,    27.889,     0.000,
 37954.043,   298.310,   151.503,    15.592,     0.000,     0.000,     0.000,     0.250,    59.003,  1198.530,     1.000,    14.740,  -159.808,     0.000,   290.756,   382.996,    42.775,    24.793,     0.000,
 37955.043,   226.981,   151.593,    15.450,     0.000,     0.000,     0.000,     0.250,    59.093,  1198.530,     1.000,    14.612,  -192.736,     0.000,   291.714,   382.242,    65.239,    36.969,     0.000,
 37956.042,   211.609,   151.668,    15.291,     0.000,     0.000,     0.000,     0.250,    59.168,  1198.530,     1.000,    14.471,  -198.273,     0.000,   272.396,   381.401,    58.413,    30.856,     0.000,
 37957.044,   303.680,   151.739,    15.193,     0.000,     0.000,     0.000,     0.250,    59.239,  1198.530,     1.000,    14.368,  -199.872,     0.000,   270.821,   380.887,    62.070,    27.736,     0.000,
 37958.045,   429.270,   151.790,    15.112,     0.000,     0.000,     0.000,     0.250,    59.290,  1198.530,     1.000,    14.289,  -171.367,     0.000,   283.077,   380.458,    53.898,    20.088,     0.000,
 37959.046,   471.906,   151.814,    15.038,     0.000,     0.000,     0.000,     0.250,    59.314,  1198.530,     1.000,    14.208,  -169.683,     0.000,   278.015,   380.070,    47.864,    19.764,     0.000,
 37960.046,   487.227,   151.849,    14.962,     0.000,     0.000,     0.000,     0.250,    59.349,  1198.530,     1.000,    14.133,  -188.638,     0.000,   277.222,   379.671,    59.923,    26.266,     0.000,
 37961.046,   530.143,   151.919,    14.888,     0.000,     0.000,     0.000,     0.250,    59.419,  1198.530,     1.000,    14.061,  -158.588,     0.000,   279.793,   379.282,    41.462,    17.639,     0.000,
 37962.046,   526.430,   152.007,    14.809,     0.000,     0.000,     0.000,     0.250,    59.507,  1198.530,     1.000,    13.979,  -164.729,     0.000,   276.362,   378.866,    42.623,    19.602,     0.000,
 37963.047,   600.000,   152.071,    14.731,     0.000,     0.000,     0.000,     0.250,    59.571,  1198.530,     1.000,    13.897,  -138.708,     0.000,   291.162,   378.458,    35.254,    16.158,     0.000,
 37964.043,   248.619,   152.109,    14.576,     0.000,     0.000,     0.000,     0.250,    59.609,  1198.530,     1.000,    13.777,  -142.294,     0.000,   299.735,   377.635,    40.717,    23.678,     0.000,
 37965.043,   267.705,   152.136,    14.435,     0.000,     0.000,     0.000,     0.250,    59.636,  1198.530,     1.000,    13.656,  -156.588,     0.000,   274.650,   376.897,    35.919,    18.422,     0.000,
 37966.044,   322.793,   152.155,    14.324,     0.000,     0.000,     0.000,     0.250,    59.655,  1198.530,     1.000,    13.563,  -226.266,     0.000,   256.814,   376.318,    72.124,    34.638,     0.000,
 37967.044,   320.324,   152.175,    14.195,     0.000,     0.000,     0.000,     0.250,    59.675,  1198.530,     1.000,    13.463,  -238.306,     0.000,   260.478,   375.643,    82.586,    40.556,     0.000,
 37968.043,   260.379,   152.202,    14.058,     0.000,     0.000,     0.000,     0.250,    59.702,  1198.530,     1.000,    13.355,  -143.106,     0.000,   295.079,   374.920,    42.815,    20.450,     0.000,
 37969.042,   202.635,   152.253,    13.928,     0.000,     0.000,     0.000,     0.250,    59.753,  1198.530,     1.000,    13.241,  -125.962,     0.000,   313.878,   374.244,    62.428,     3.167,     0.000,
 37970.044,   361.558,   152.304,    13.805,     0.000,     0.000,     0.000,     0.250,    59.804,  1198.530,     1.000,    13.139,  -179.900,     0.000,   269.743,   373.608,    51.872,    24.162,     0.000,
