JDAY,SEG   2,SEG   3,SEG   4,SEG   5,SEG   6,SEG   7,SEG   8,SEG   9,SEG  10,SEG  11,SEG  12,SEG  13,SEG  14,SEG  15,SEG  16,SEG  17,SEG  18,SEG  19,SEG  20,SEG  21,SEG  22,SEG  23,SEG  24,SEG  25,SEG  26,SEG  27,SEG  28,SEG  29,SEG  30,SEG  31,SEG  34,SEG  35,SEG  36,SEG  39,SEG  40,SEG  41,SEG  44,SEG  45,SEG
 35564.042, 171.730, 171.840, 171.788, 171.766, 171.754, 171.749, 171.746, 171.742, 171.740, 171.738, 171.737, 171.737, 171.736, 171.735, 171.734, 171.733, 171.732, 171.731, 171.730, 171.730, 171.729, 171.729, 171.729, 171.729, 171.728, 171.728, 171.728, 171.728, 171.728, 171.728, 171.730, 171.730, 171.730, 171.728, 171.728, 171.728, 171.728, 171.728,
 35565.044, 171.730, 171.837, 171.853, 171.859, 171.861, 171.862, 171.863, 171.863, 171.863, 171.864, 171.864, 171.864, 171.864, 171.863, 171.864, 171.864, 171.864, 171.864, 171.865, 171.865, 171.865, 171.865, 171.865, 171.865, 171.865, 171.864, 171.864, 171.864, 171.864, 171.863, 171.730, 171.864, 171.865, 171.865, 171.865, 171.864, 171.865, 171.864,
 35566.044, 171.730, 171.951, 171.963, 171.967, 171.969, 171.970, 171.971, 171.972, 171.972, 171.973, 171.973, 171.973, 171.972, 171.972, 171.972, 171.972, 171.973, 171.973, 171.973, 171.973, 171.972, 171.972, 171.971, 171.971, 171.971, 171.970, 171.970, 171.970, 171.970, 171.970, 171.730, 171.973, 171.972, 171.970, 171.970, 171.970, 171.970, 171.970,
 35567.042, 171.730, 172.047, 172.059, 172.062, 172.064, 172.065, 172.066, 172.067, 172.067, 172.068, 172.068, 172.068, 172.068, 172.067, 172.068, 172.068, 172.070, 172.070, 172.071, 172.071, 172.071, 172.070, 172.069, 172.068, 172.068, 172.068, 172.068, 172.068, 172.068, 172.069, 171.730, 172.073, 172.071, 172.068, 172.068, 172.068, 172.068, 172.068,
 35568.046, 171.730, 172.178, 172.189, 172.193, 172.195, 172.196, 172.196, 172.197, 172.198, 172.199, 172.198, 172.199, 172.199, 172.199, 172.199, 172.200, 172.200, 172.200, 172.201, 172.201, 172.201, 172.200, 172.200, 172.199, 172.199, 172.199, 172.199, 172.199, 172.200, 172.200, 171.730, 172.201, 172.201, 172.199, 172.199, 172.199, 172.199, 172.199,
 35569.044, 171.730, 172.325, 172.335, 172.338, 172.340, 172.341, 172.341, 172.342, 172.342, 172.343, 172.343, 172.343, 172.343, 172.343, 172.344, 172.344, 172.343, 172.344, 172.344, 172.344, 172.343, 172.342, 172.341, 172.340, 172.339, 172.339, 172.339, 172.339, 172.340, 172.340, 171.730, 172.344, 172.344, 172.340, 172.340, 172.339, 172.339, 172.339,
 35570.042, 174.197, 172.337, 172.423, 172.428, 172.431, 172.432, 172.433, 172.433, 172.434, 172.434, 172.434, 172.434, 172.434, 172.434, 172.434, 172.434, 172.434, 172.434, 172.435, 172.435, 172.434, 172.434, 172.434, 172.434, 172.434, 172.434, 172.434, 172.434, 172.434, 172.434, 172.435, 172.435, 172.435, 172.434, 172.434, 172.434, 172.434, 172.434,
 35571.042, 173.665, 172.446, 172.457, 172.458, 172.460, 172.460, 172.460, 172.461, 172.461, 172.461, 172.461, 172.461, 172.461, 172.461, 172.462, 172.462, 172.462, 172.462, 172.462, 172.462, 172.462, 172.462, 172.462, 172.462, 172.462, 172.462, 172.462, 172.462, 172.462, 172.461, 172.462, 172.462, 172.462, 172.463, 172.463, 172.462, 172.462, 172.462,
 35572.042, 174.032, 172.405, 172.456, 172.458, 172.460, 172.462, 172.462, 172.463, 172.463, 172.464, 172.464, 172.464, 172.464, 172.464, 172.464, 172.465, 172.465, 172.465, 172.466, 172.466, 172.465, 172.465, 172.464, 172.463, 172.463, 172.462, 172.462, 172.462, 172.462, 172.462, 172.465, 172.466, 172.466, 172.463, 172.463, 172.463, 172.462, 172.462,
 35573.042, 173.659, 172.428, 172.435, 172.436, 172.438, 172.438, 172.438, 172.439, 172.439, 172.440, 172.440, 172.440, 172.440, 172.440, 172.440, 172.440, 172.440, 172.441, 172.442, 172.441, 172.441, 172.441, 172.441, 172.441, 172.440, 172.440, 172.440, 172.440, 172.440, 172.440, 172.441, 172.441, 172.441, 172.441, 172.441, 172.440, 172.440, 172.440,
 35574.042, 174.163, 172.419, 172.494, 172.499, 172.499, 172.500, 172.500, 172.500, 172.500, 172.501, 172.500, 172.501, 172.500, 172.501, 172.501, 172.501, 172.501, 172.501, 172.501, 172.501, 172.501, 172.501, 172.501, 172.501, 172.501, 172.500, 172.500, 172.500, 172.501, 172.501, 172.501, 172.501, 172.501, 172.501, 172.501, 172.501, 172.500, 172.500,
 35575.042, 173.931, 172.597, 172.647, 172.651, 172.654, 172.655, 172.656, 172.657, 172.657, 172.657, 172.657, 172.658, 172.657, 172.657, 172.658, 172.658, 172.658, 172.658, 172.658, 172.658, 172.658, 172.658, 172.658, 172.658, 172.658, 172.658, 172.658, 172.658, 172.658, 172.658, 172.659, 172.659, 172.658, 172.659, 172.659, 172.658, 172.658, 172.658,
 35576.042, 173.367, 172.727, 172.767, 172.769, 172.773, 172.773, 172.773, 172.774, 172.774, 172.774, 172.774, 172.774, 172.773, 172.773, 172.773, 172.773, 172.773, 172.774, 172.775, 172.775, 172.774, 172.773, 172.773, 172.773, 172.773, 172.772, 172.772, 172.772, 172.772, 172.772, 172.775, 172.775, 172.775, 172.773, 172.772, 172.772, 172.772, 172.772,
 35577.042, 173.273, 172.766, 172.800, 172.803, 172.806, 172.806, 172.806, 172.806, 172.806, 172.806, 172.806, 172.806, 172.806, 172.806, 172.806, 172.806, 172.806, 172.807, 172.807, 172.807, 172.807, 172.806, 172.806, 172.806, 172.806, 172.806, 172.805, 172.805, 172.805, 172.805, 172.807, 172.807, 172.807, 172.807, 172.806, 172.806, 172.806, 172.806,
 35578.042, 173.386, 172.789, 172.830, 172.833, 172.836, 172.836, 172.836, 172.836, 172.836, 172.836, 172.837, 172.837, 172.837, 172.837, 172.837, 172.837, 172.837, 172.837, 172.838, 172.837, 172.836, 172.835, 172.834, 172.835, 172.835, 172.834, 172.834, 172.833, 172.832, 172.831, 172.837, 172.837, 172.837, 172.838, 172.837, 172.836, 172.835, 172.835,
 35579.042, 173.363, 172.837, 172.877, 172.880, 172.882, 172.883, 172.883, 172.884, 172.884, 172.885, 172.885, 172.885, 172.885, 172.885, 172.885, 172.885, 172.885, 172.885, 172.885, 172.884, 172.884, 172.884, 172.884, 172.884, 172.884, 172.884, 172.883, 172.882, 172.882, 172.881, 172.884, 172.884, 172.884, 172.885, 172.884, 172.884, 172.883, 172.883,
 35580.042, 173.399, 172.890, 172.932, 172.935, 172.938, 172.938, 172.939, 172.939, 172.939, 172.940, 172.939, 172.940, 172.939, 172.939, 172.940, 172.940, 172.940, 172.941, 172.941, 172.941, 172.941, 172.941, 172.940, 172.940, 172.940, 172.940, 172.939, 172.939, 172.939, 172.939, 172.941, 172.941, 172.941, 172.940, 172.940, 172.940, 172.940, 172.940,
 35581.042, 173.429, 172.991, 173.035, 173.038, 173.041, 173.042, 173.042, 173.042, 173.043, 173.043, 173.043, 173.043, 173.043, 173.043, 173.043, 173.044, 173.044, 173.044, 173.045, 173.045, 173.045, 173.044, 173.044, 173.044, 173.044, 173.044, 173.044, 173.044, 173.044, 173.044, 173.044, 173.045, 173.045, 173.044, 173.044, 173.044, 173.044, 173.044,
 35582.042, 173.464, 173.165, 173.207, 173.210, 173.213, 173.214, 173.214, 173.215, 173.215, 173.216, 173.216, 173.216, 173.216, 173.216, 173.216, 173.217, 173.217, 173.217, 173.217, 173.217, 173.217, 173.217, 173.217, 173.217, 173.217, 173.217, 173.217, 173.217, 173.217, 173.217, 173.217, 173.217, 173.217, 173.217, 173.217, 173.217, 173.217, 173.217,
 35583.042, 173.572, 173.368, 173.402, 173.405, 173.407, 173.407, 173.408, 173.409, 173.409, 173.410, 173.409, 173.409, 173.409, 173.409, 173.409, 173.409, 173.409, 173.410, 173.410, 173.410, 173.410, 173.409, 173.407, 173.407, 173.406, 173.406, 173.406, 173.406, 173.407, 173.407, 173.411, 173.411, 173.410, 173.407, 173.407, 173.406, 173.406, 173.407,
 35584.042, 173.648, 173.524, 173.552, 173.554, 173.557, 173.557, 173.557, 173.558, 173.558, 173.558, 173.558, 173.558, 173.557, 173.557, 173.557, 173.557, 173.558, 173.559, 173.560, 173.560, 173.559, 173.558, 173.557, 173.557, 173.557, 173.556, 173.556, 173.557, 173.557, 173.557, 173.560, 173.560, 173.560, 173.557, 173.557, 173.557, 173.557, 173.557,
 35585.042, 173.712, 173.626, 173.650, 173.652, 173.655, 173.655, 173.655, 173.655, 173.655, 173.656, 173.656, 173.656, 173.656, 173.656, 173.656, 173.656, 173.656, 173.657, 173.657, 173.657, 173.656, 173.656, 173.655, 173.655, 173.655, 173.655, 173.655, 173.655, 173.655, 173.655, 173.657, 173.657, 173.657, 173.656, 173.656, 173.655, 173.656, 173.655,
 35586.042, 173.781, 173.704, 173.728, 173.731, 173.733, 173.734, 173.734, 173.734, 173.734, 173.735, 173.735, 173.735, 173.735, 173.735, 173.735, 173.736, 173.735, 173.736, 173.736, 173.735, 173.735, 173.735, 173.735, 173.735, 173.735, 173.734, 173.734, 173.734, 173.733, 173.733, 173.736, 173.736, 173.736, 173.736, 173.735, 173.735, 173.735, 173.734,
 35587.043, 173.823, 173.771, 173.790, 173.792, 173.795, 173.795, 173.796, 173.796, 173.796, 173.797, 173.797, 173.797, 173.796, 173.796, 173.796, 173.796, 173.796, 173.797, 173.797, 173.797, 173.797, 173.796, 173.795, 173.795, 173.794, 173.794, 173.794, 173.794, 173.795, 173.795, 173.798, 173.797, 173.797, 173.795, 173.795, 173.794, 173.795, 173.795,
 35588.043, 173.873, 173.825, 173.845, 173.848, 173.850, 173.850, 173.851, 173.851, 173.851, 173.851, 173.851, 173.851, 173.851, 173.851, 173.851, 173.852, 173.852, 173.853, 173.854, 173.854, 173.854, 173.853, 173.853, 173.853, 173.853, 173.852, 173.852, 173.852, 173.852, 173.852, 173.854, 173.854, 173.854, 173.853, 173.853, 173.853, 173.853, 173.853,
 35589.042, 173.999, 173.957, 173.980, 173.983, 173.986, 173.986, 173.986, 173.987, 173.987, 173.988, 173.988, 173.988, 173.987, 173.987, 173.987, 173.988, 173.988, 173.989, 173.989, 173.989, 173.988, 173.988, 173.987, 173.987, 173.987, 173.986, 173.986, 173.986, 173.986, 173.986, 173.990, 173.990, 173.989, 173.987, 173.987, 173.987, 173.987, 173.987,
 35590.043, 174.141, 174.124, 174.140, 174.142, 174.145, 174.146, 174.146, 174.146, 174.147, 174.147, 174.147, 174.147, 174.147, 174.147, 174.147, 174.148, 174.148, 174.148, 174.148, 174.148, 174.148, 174.148, 174.148, 174.148, 174.148, 174.148, 174.147, 174.147, 174.147, 174.147, 174.148, 174.148, 174.148, 174.148, 174.148, 174.148, 174.147, 174.148,
 35591.042, 174.239, 174.227, 174.242, 174.245, 174.248, 174.248, 174.248, 174.249, 174.249, 174.249, 174.249, 174.249, 174.249, 174.249, 174.249, 174.249, 174.249, 174.250, 174.251, 174.251, 174.250, 174.250, 174.250, 174.250, 174.250, 174.249, 174.250, 174.249, 174.249, 174.249, 174.251, 174.251, 174.251, 174.250, 174.250, 174.250, 174.250, 174.250,
 35592.043, 174.309, 174.299, 174.316, 174.319, 174.322, 174.322, 174.323, 174.323, 174.324, 174.324, 174.324, 174.325, 174.324, 174.324, 174.325, 174.325, 174.325, 174.325, 174.325, 174.325, 174.325, 174.324, 174.324, 174.323, 174.323, 174.323, 174.323, 174.323, 174.323, 174.323, 174.326, 174.326, 174.325, 174.323, 174.323, 174.323, 174.323, 174.323,
 35593.043, 174.386, 174.379, 174.396, 174.400, 174.401, 174.401, 174.402, 174.402, 174.403, 174.403, 174.403, 174.402, 174.402, 174.401, 174.402, 174.402, 174.403, 174.404, 174.405, 174.405, 174.404, 174.403, 174.402, 174.401, 174.401, 174.400, 174.400, 174.400, 174.399, 174.399, 174.406, 174.406, 174.405, 174.403, 174.402, 174.401, 174.401, 174.400,
 35594.043, 174.414, 174.411, 174.420, 174.422, 174.424, 174.424, 174.425, 174.426, 174.426, 174.427, 174.427, 174.427, 174.426, 174.426, 174.425, 174.425, 174.426, 174.427, 174.428, 174.428, 174.427, 174.426, 174.424, 174.423, 174.423, 174.423, 174.422, 174.422, 174.423, 174.423, 174.428, 174.428, 174.428, 174.422, 174.422, 174.423, 174.423, 174.423,
 35595.044, 174.394, 174.391, 174.400, 174.403, 174.404, 174.405, 174.405, 174.406, 174.406, 174.406, 174.406, 174.406, 174.406, 174.406, 174.407, 174.407, 174.408, 174.409, 174.409, 174.409, 174.409, 174.409, 174.409, 174.408, 174.408, 174.408, 174.408, 174.408, 174.408, 174.408, 174.409, 174.409, 174.409, 174.409, 174.408, 174.408, 174.408, 174.408,
 35596.044, 174.406, 174.403, 174.411, 174.414, 174.415, 174.415, 174.415, 174.415, 174.415, 174.416, 174.416, 174.416, 174.416, 174.416, 174.415, 174.415, 174.415, 174.416, 174.417, 174.417, 174.417, 174.417, 174.417, 174.417, 174.416, 174.416, 174.416, 174.415, 174.415, 174.415, 174.417, 174.416, 174.417, 174.417, 174.416, 174.416, 174.416, 174.416,
 35597.044, 174.438, 174.435, 174.444, 174.447, 174.448, 174.447, 174.448, 174.448, 174.448, 174.449, 174.449, 174.449, 174.449, 174.449, 174.449, 174.449, 174.449, 174.450, 174.451, 174.451, 174.450, 174.450, 174.450, 174.450, 174.450, 174.449, 174.449, 174.448, 174.448, 174.447, 174.450, 174.450, 174.451, 174.452, 174.451, 174.450, 174.450, 174.449,
 35598.044, 174.480, 174.478, 174.489, 174.491, 174.493, 174.493, 174.493, 174.494, 174.494, 174.494, 174.494, 174.494, 174.494, 174.494, 174.495, 174.495, 174.495, 174.496, 174.497, 174.496, 174.496, 174.496, 174.495, 174.495, 174.495, 174.495, 174.495, 174.495, 174.494, 174.494, 174.496, 174.496, 174.497, 174.496, 174.495, 174.495, 174.495, 174.495,
 35599.044, 174.524, 174.509, 174.520, 174.522, 174.524, 174.524, 174.524, 174.525, 174.525, 174.525, 174.525, 174.525, 174.525, 174.526, 174.526, 174.526, 174.526, 174.527, 174.528, 174.527, 174.527, 174.526, 174.526, 174.526, 174.526, 174.525, 174.525, 174.525, 174.525, 174.525, 174.528, 174.527, 174.527, 174.526, 174.525, 174.525, 174.526, 174.526,
 35600.044, 174.501, 174.490, 174.499, 174.501, 174.502, 174.502, 174.502, 174.503, 174.503, 174.504, 174.504, 174.504, 174.504, 174.504, 174.505, 174.505, 174.505, 174.506, 174.506, 174.506, 174.506, 174.506, 174.505, 174.505, 174.505, 174.504, 174.504, 174.504, 174.504, 174.504, 174.506, 174.506, 174.506, 174.505, 174.505, 174.504, 174.505, 174.504,
 35601.044, 174.394, 174.392, 174.398, 174.400, 174.401, 174.401, 174.401, 174.402, 174.402, 174.403, 174.403, 174.403, 174.403, 174.403, 174.403, 174.404, 174.404, 174.404, 174.404, 174.404, 174.404, 174.404, 174.404, 174.404, 174.404, 174.404, 174.404, 174.404, 174.404, 174.404, 174.404, 174.404, 174.404, 174.404, 174.404, 174.404, 174.404, 174.404,
 35602.045, 174.278, 174.274, 174.280, 174.282, 174.283, 174.283, 174.284, 174.285, 174.285, 174.285, 174.285, 174.286, 174.285, 174.285, 174.285, 174.285, 174.286, 174.287, 174.287, 174.287, 174.287, 174.287, 174.286, 174.286, 174.285, 174.285, 174.285, 174.285, 174.286, 174.286, 174.287, 174.287, 174.287, 174.284, 174.285, 174.285, 174.285, 174.285,
 35603.043, 174.200, 174.196, 174.202, 174.203, 174.204, 174.205, 174.205, 174.205, 174.205, 174.205, 174.206, 174.207, 174.208, 174.209, 174.211, 174.212, 174.212, 174.211, 174.211, 174.212, 174.213, 174.214, 174.215, 174.214, 174.214, 174.213, 174.213, 174.213, 174.212, 174.212, 174.210, 174.211, 174.211, 174.215, 174.214, 174.214, 174.213, 174.213,
 35604.045, 174.151, 174.144, 174.150, 174.152, 174.153, 174.153, 174.154, 174.154, 174.154, 174.155, 174.154, 174.155, 174.155, 174.155, 174.154, 174.154, 174.154, 174.154, 174.154, 174.154, 174.153, 174.153, 174.154, 174.154, 174.154, 174.154, 174.154, 174.154, 174.154, 174.154, 174.153, 174.153, 174.153, 174.154, 174.154, 174.154, 174.154, 174.154,
 35605.042, 174.058, 174.050, 174.056, 174.058, 174.059, 174.059, 174.059, 174.060, 174.060, 174.060, 174.060, 174.060, 174.060, 174.060, 174.060, 174.061, 174.061, 174.062, 174.062, 174.062, 174.062, 174.062, 174.062, 174.061, 174.061, 174.060, 174.060, 174.061, 174.061, 174.060, 174.063, 174.062, 174.062, 174.061, 174.061, 174.061, 174.061, 174.061,
 35606.042, 173.924, 173.912, 173.919, 173.921, 173.922, 173.922, 173.922, 173.923, 173.923, 173.923, 173.923, 173.923, 173.923, 173.923, 173.923, 173.924, 173.924, 173.925, 173.925, 173.925, 173.925, 173.925, 173.925, 173.924, 173.924, 173.923, 173.923, 173.923, 173.923, 173.923, 173.925, 173.925, 173.926, 173.924, 173.924, 173.924, 173.924, 173.923,
 35607.044, 173.773, 173.751, 173.757, 173.759, 173.760, 173.761, 173.761, 173.762, 173.762, 173.762, 173.762, 173.762, 173.762, 173.762, 173.762, 173.762, 173.762, 173.763, 173.763, 173.763, 173.762, 173.763, 173.763, 173.762, 173.762, 173.761, 173.760, 173.761, 173.761, 173.761, 173.763, 173.763, 173.763, 173.762, 173.762, 173.761, 173.761, 173.761,
 35608.044, 173.603, 173.574, 173.580, 173.582, 173.583, 173.584, 173.584, 173.584, 173.584, 173.585, 173.585, 173.585, 173.585, 173.585, 173.585, 173.585, 173.585, 173.586, 173.587, 173.587, 173.587, 173.587, 173.587, 173.587, 173.587, 173.586, 173.586, 173.586, 173.586, 173.586, 173.587, 173.587, 173.587, 173.587, 173.587, 173.586, 173.587, 173.586,
 35609.044, 173.440, 173.411, 173.418, 173.420, 173.421, 173.421, 173.422, 173.422, 173.422, 173.422, 173.422, 173.422, 173.422, 173.423, 173.423, 173.423, 173.424, 173.424, 173.425, 173.425, 173.425, 173.425, 173.425, 173.425, 173.425, 173.425, 173.424, 173.425, 173.424, 173.424, 173.425, 173.425, 173.425, 173.425, 173.425, 173.425, 173.425, 173.425,
 35610.043, 173.341, 173.292, 173.302, 173.304, 173.305, 173.305, 173.306, 173.306, 173.306, 173.306, 173.306, 173.306, 173.306, 173.307, 173.307, 173.307, 173.307, 173.308, 173.309, 173.310, 173.309, 173.309, 173.309, 173.309, 173.309, 173.309, 173.309, 173.309, 173.309, 173.308, 173.310, 173.309, 173.310, 173.309, 173.309, 173.309, 173.310, 173.309,
 35611.043, 173.260, 173.184, 173.196, 173.197, 173.198, 173.199, 173.199, 173.199, 173.199, 173.200, 173.200, 173.200, 173.200, 173.200, 173.200, 173.201, 173.201, 173.202, 173.203, 173.203, 173.203, 173.203, 173.203, 173.203, 173.203, 173.203, 173.203, 173.203, 173.203, 173.202, 173.204, 173.203, 173.203, 173.203, 173.203, 173.203, 173.203, 173.203,
 35612.043, 173.148, 173.025, 173.039, 173.040, 173.042, 173.042, 173.042, 173.042, 173.042, 173.043, 173.043, 173.043, 173.043, 173.043, 173.044, 173.044, 173.044, 173.046, 173.047, 173.047, 173.047, 173.046, 173.046, 173.046, 173.046, 173.046, 173.046, 173.046, 173.046, 173.046, 173.047, 173.047, 173.047, 173.047, 173.046, 173.046, 173.047, 173.047,
 35613.043, 173.041, 172.822, 172.839, 172.840, 172.841, 172.841, 172.841, 172.841, 172.841, 172.842, 172.841, 172.842, 172.842, 172.842, 172.843, 172.843, 172.844, 172.845, 172.846, 172.846, 172.845, 172.845, 172.844, 172.844, 172.844, 172.843, 172.843, 172.843, 172.842, 172.841, 172.846, 172.845, 172.846, 172.845, 172.844, 172.844, 172.845, 172.844,
 35614.043, 172.967, 172.584, 172.602, 172.604, 172.605, 172.605, 172.606, 172.606, 172.606, 172.607, 172.607, 172.607, 172.606, 172.606, 172.606, 172.606, 172.606, 172.607, 172.609, 172.609, 172.608, 172.608, 172.607, 172.607, 172.607, 172.606, 172.606, 172.605, 172.605, 172.604, 172.608, 172.608, 172.609, 172.607, 172.607, 172.606, 172.607, 172.607,
 35615.043, 173.096, 172.296, 172.317, 172.319, 172.321, 172.321, 172.321, 172.321, 172.321, 172.321, 172.321, 172.321, 172.321, 172.321, 172.321, 172.321, 172.321, 172.322, 172.323, 172.323, 172.322, 172.322, 172.322, 172.322, 172.322, 172.321, 172.321, 172.321, 172.321, 172.320, 172.322, 172.322, 172.323, 172.323, 172.322, 172.322, 172.322, 172.322,
 35616.045, 174.471, 171.930, 171.933, 171.934, 171.937, 171.937, 171.938, 171.938, 171.938, 171.938, 171.938, 171.938, 171.938, 171.938, 171.939, 171.939, 171.939, 171.940, 171.941, 171.941, 171.941, 171.941, 171.941, 171.941, 171.941, 171.940, 171.940, 171.940, 171.939, 171.939, 172.025, 171.941, 171.941, 171.942, 171.941, 171.940, 171.941, 171.941,
 35617.047, 174.471, 171.519, 171.524, 171.525, 171.527, 171.528, 171.528, 171.529, 171.529, 171.529, 171.529, 171.529, 171.529, 171.530, 171.530, 171.530, 171.531, 171.532, 171.532, 171.533, 171.533, 171.533, 171.532, 171.532, 171.532, 171.532, 171.532, 171.532, 171.532, 171.532, 172.025, 171.532, 171.533, 171.533, 171.533, 171.533, 171.533, 171.532,
 35618.046, 174.471, 171.207, 171.211, 171.213, 171.214, 171.215, 171.216, 171.216, 171.216, 171.217, 171.217, 171.217, 171.217, 171.217, 171.218, 171.218, 171.219, 171.220, 171.220, 171.221, 171.221, 171.220, 171.220, 171.220, 171.220, 171.220, 171.220, 171.220, 171.220, 171.220, 172.025, 171.220, 171.221, 171.220, 171.220, 171.220, 171.220, 171.220,
 35619.047, 174.471, 170.939, 170.944, 170.946, 170.947, 170.948, 170.948, 170.949, 170.949, 170.949, 170.949, 170.950, 170.950, 170.950, 170.950, 170.951, 170.951, 170.952, 170.953, 170.954, 170.953, 170.953, 170.953, 170.953, 170.953, 170.953, 170.953, 170.953, 170.952, 170.952, 172.025, 170.953, 170.954, 170.953, 170.953, 170.953, 170.953, 170.953,
 35620.045, 174.471, 170.665, 170.668, 170.669, 170.670, 170.672, 170.672, 170.673, 170.673, 170.673, 170.673, 170.674, 170.674, 170.674, 170.675, 170.675, 170.676, 170.677, 170.678, 170.678, 170.678, 170.678, 170.677, 170.677, 170.677, 170.677, 170.677, 170.677, 170.677, 170.677, 172.025, 170.678, 170.678, 170.677, 170.677, 170.677, 170.677, 170.677,
 35621.047, 174.471, 170.394, 170.396, 170.398, 170.400, 170.401, 170.402, 170.402, 170.403, 170.403, 170.403, 170.404, 170.404, 170.404, 170.405, 170.406, 170.406, 170.407, 170.408, 170.408, 170.408, 170.408, 170.408, 170.408, 170.408, 170.408, 170.408, 170.408, 170.408, 170.408, 172.025, 170.408, 170.408, 170.408, 170.408, 170.408, 170.408, 170.408,
 35622.046, 174.471, 170.132, 170.134, 170.137, 170.138, 170.140, 170.140, 170.141, 170.141, 170.141, 170.141, 170.142, 170.142, 170.142, 170.143, 170.143, 170.144, 170.145, 170.146, 170.146, 170.146, 170.146, 170.146, 170.146, 170.146, 170.146, 170.146, 170.146, 170.146, 170.146, 172.025, 170.146, 170.146, 170.146, 170.146, 170.146, 170.146, 170.146,
 35623.045, 174.471, 169.897, 169.892, 169.894, 169.895, 169.897, 169.898, 169.898, 169.898, 169.899, 169.899, 169.899, 169.900, 169.900, 169.900, 169.901, 169.901, 169.902, 169.904, 169.904, 169.904, 169.903, 169.903, 169.904, 169.904, 169.903, 169.903, 169.903, 169.903, 169.903, 172.025, 169.904, 169.904, 169.904, 169.904, 169.904, 169.903, 169.903,
 35624.045, 174.471, 169.700, 169.690, 169.693, 169.694, 169.696, 169.697, 169.697, 169.698, 169.698, 169.698, 169.699, 169.699, 169.699, 169.700, 169.700, 169.701, 169.702, 169.703, 169.704, 169.703, 169.703, 169.703, 169.703, 169.703, 169.703, 169.703, 169.703, 169.702, 169.702, 172.025, 169.704, 169.704, 169.703, 169.703, 169.703, 169.703, 169.703,
 35625.045, 174.471, 169.506, 169.497, 169.500, 169.502, 169.504, 169.504, 169.505, 169.505, 169.505, 169.505, 169.506, 169.506, 169.506, 169.507, 169.508, 169.509, 169.510, 169.511, 169.511, 169.511, 169.511, 169.510, 169.510, 169.510, 169.510, 169.510, 169.510, 169.509, 169.509, 172.025, 169.512, 169.511, 169.510, 169.510, 169.510, 169.511, 169.511,
 35626.044, 174.471, 169.272, 169.261, 169.266, 169.267, 169.269, 169.270, 169.270, 169.270, 169.271, 169.271, 169.271, 169.271, 169.272, 169.273, 169.274, 169.275, 169.276, 169.277, 169.277, 169.276, 169.276, 169.276, 169.276, 169.276, 169.276, 169.276, 169.276, 169.275, 169.275, 172.025, 169.277, 169.277, 169.276, 169.276, 169.276, 169.276, 169.276,
 35627.045, 174.471, 169.013, 169.003, 169.008, 169.009, 169.011, 169.012, 169.012, 169.012, 169.013, 169.013, 169.013, 169.013, 169.014, 169.015, 169.016, 169.017, 169.017, 169.018, 169.019, 169.019, 169.019, 169.019, 169.019, 169.019, 169.019, 169.018, 169.018, 169.018, 169.018, 172.025, 169.018, 169.018, 169.018, 169.018, 169.018, 169.019, 169.019,
 35628.044, 174.471, 168.843, 168.777, 168.789, 168.792, 168.793, 168.793, 168.794, 168.795, 168.796, 168.796, 168.797, 168.797, 168.797, 168.798, 168.797, 168.797, 168.797, 168.798, 168.798, 168.797, 168.797, 168.797, 168.797, 168.796, 168.796, 168.796, 168.796, 168.795, 168.795, 172.025, 168.798, 168.798, 168.797, 168.796, 168.796, 168.797, 168.796,
 35629.043, 174.471, 168.692, 168.586, 168.602, 168.605, 168.607, 168.608, 168.609, 168.609, 168.609, 168.609, 168.609, 168.609, 168.609, 168.610, 168.610, 168.610, 168.611, 168.612, 168.612, 168.612, 168.611, 168.611, 168.611, 168.611, 168.611, 168.611, 168.611, 168.610, 168.610, 172.025, 168.612, 168.612, 168.611, 168.611, 168.611, 168.611, 168.611,
 35630.043, 174.471, 168.513, 168.398, 168.414, 168.417, 168.419, 168.420, 168.421, 168.421, 168.421, 168.421, 168.421, 168.421, 168.421, 168.422, 168.422, 168.422, 168.422, 168.423, 168.422, 168.422, 168.422, 168.422, 168.422, 168.421, 168.421, 168.421, 168.421, 168.420, 168.420, 172.025, 168.423, 168.423, 168.422, 168.421, 168.421, 168.422, 168.421,
 35631.043, 174.471, 168.320, 168.213, 168.229, 168.232, 168.234, 168.235, 168.236, 168.236, 168.237, 168.236, 168.236, 168.236, 168.236, 168.236, 168.236, 168.237, 168.238, 168.239, 168.239, 168.238, 168.238, 168.237, 168.237, 168.237, 168.236, 168.236, 168.236, 168.235, 168.235, 172.025, 168.239, 168.239, 168.237, 168.236, 168.236, 168.237, 168.236,
 35632.042, 174.471, 168.184, 168.022, 168.043, 168.046, 168.049, 168.049, 168.050, 168.051, 168.051, 168.051, 168.051, 168.051, 168.051, 168.052, 168.052, 168.052, 168.052, 168.052, 168.052, 168.052, 168.052, 168.051, 168.051, 168.050, 168.050, 168.050, 168.050, 168.050, 168.050, 172.025, 168.053, 168.052, 168.051, 168.051, 168.050, 168.050, 168.050,
 35633.042, 174.471, 168.399, 167.850, 167.892, 167.896, 167.899, 167.899, 167.900, 167.901, 167.901, 167.901, 167.902, 167.901, 167.901, 167.902, 167.902, 167.902, 167.902, 167.903, 167.903, 167.903, 167.902, 167.902, 167.901, 167.901, 167.901, 167.900, 167.900, 167.900, 167.900, 172.025, 167.903, 167.903, 167.902, 167.902, 167.901, 167.901, 167.901,
 35634.042, 174.471, 168.378, 167.724, 167.767, 167.772, 167.775, 167.776, 167.777, 167.777, 167.777, 167.777, 167.778, 167.778, 167.778, 167.778, 167.779, 167.779, 167.780, 167.780, 167.780, 167.780, 167.780, 167.780, 167.780, 167.779, 167.779, 167.778, 167.778, 167.778, 167.778, 172.025, 167.781, 167.781, 167.779, 167.779, 167.779, 167.779, 167.778,
 35635.042, 174.471, 168.471, 167.597, 167.646, 167.651, 167.655, 167.655, 167.656, 167.656, 167.657, 167.657, 167.657, 167.657, 167.657, 167.658, 167.658, 167.658, 167.659, 167.659, 167.659, 167.659, 167.659, 167.658, 167.658, 167.658, 167.657, 167.657, 167.657, 167.657, 167.656, 172.025, 167.659, 167.659, 167.658, 167.658, 167.658, 167.658, 167.657,
 35636.043, 174.471, 168.841, 167.492, 167.546, 167.549, 167.554, 167.556, 167.557, 167.557, 167.557, 167.557, 167.557, 167.558, 167.558, 167.559, 167.559, 167.559, 167.560, 167.560, 167.561, 167.561, 167.561, 167.561, 167.561, 167.561, 167.561, 167.560, 167.560, 167.560, 167.559, 172.025, 167.561, 167.561, 167.561, 167.561, 167.561, 167.561, 167.560,
 35637.043, 174.471, 168.727, 167.422, 167.474, 167.475, 167.477, 167.479, 167.479, 167.479, 167.479, 167.479, 167.479, 167.479, 167.480, 167.480, 167.481, 167.481, 167.482, 167.484, 167.484, 167.483, 167.483, 167.483, 167.483, 167.483, 167.483, 167.483, 167.483, 167.483, 167.482, 172.025, 167.484, 167.484, 167.483, 167.483, 167.483, 167.483, 167.483,
 35638.043, 174.471, 168.771, 167.348, 167.400, 167.400, 167.402, 167.404, 167.404, 167.404, 167.405, 167.405, 167.405, 167.405, 167.405, 167.406, 167.406, 167.407, 167.408, 167.409, 167.409, 167.409, 167.409, 167.409, 167.409, 167.409, 167.409, 167.409, 167.408, 167.409, 167.408, 172.025, 167.410, 167.409, 167.409, 167.409, 167.409, 167.409, 167.409,
 35639.043, 174.471, 168.852, 167.217, 167.290, 167.296, 167.299, 167.301, 167.301, 167.302, 167.302, 167.302, 167.302, 167.302, 167.303, 167.303, 167.303, 167.304, 167.305, 167.306, 167.307, 167.306, 167.306, 167.306, 167.306, 167.306, 167.306, 167.306, 167.306, 167.306, 167.306, 172.025, 167.307, 167.307, 167.306, 167.306, 167.306, 167.306, 167.306,
 35640.042, 174.471, 169.551, 167.063, 167.166, 167.169, 167.173, 167.176, 167.177, 167.178, 167.179, 167.179, 167.179, 167.180, 167.180, 167.181, 167.181, 167.182, 167.183, 167.184, 167.184, 167.184, 167.184, 167.184, 167.184, 167.184, 167.183, 167.183, 167.183, 167.183, 167.183, 172.025, 167.184, 167.185, 167.184, 167.184, 167.184, 167.184, 167.184,
 35641.046, 174.471, 169.711, 167.043, 167.060, 167.066, 167.069, 167.069, 167.069, 167.070, 167.071, 167.071, 167.072, 167.072, 167.072, 167.073, 167.073, 167.073, 167.073, 167.074, 167.073, 167.073, 167.073, 167.073, 167.073, 167.072, 167.072, 167.072, 167.071, 167.071, 167.071, 172.025, 167.073, 167.073, 167.072, 167.072, 167.072, 167.073, 167.072,
 35642.045, 174.471, 169.711, 166.892, 166.904, 166.906, 166.909, 166.910, 166.911, 166.912, 166.912, 166.913, 166.913, 166.913, 166.913, 166.913, 166.914, 166.914, 166.915, 166.916, 166.916, 166.915, 166.915, 166.915, 166.915, 166.914, 166.914, 166.914, 166.914, 166.914, 166.913, 172.025, 166.916, 166.916, 166.914, 166.914, 166.914, 166.915, 166.914,
 35643.046, 174.471, 169.711, 166.675, 166.685, 166.686, 166.690, 166.691, 166.692, 166.692, 166.692, 166.693, 166.693, 166.693, 166.694, 166.694, 166.695, 166.695, 166.696, 166.697, 166.697, 166.697, 166.697, 166.697, 166.697, 166.697, 166.696, 166.696, 166.696, 166.696, 166.696, 172.025, 166.697, 166.697, 166.697, 166.697, 166.697, 166.696, 166.696,
 35644.045, 174.471, 169.711, 166.481, 166.494, 166.496, 166.499, 166.501, 166.501, 166.501, 166.501, 166.501, 166.502, 166.502, 166.503, 166.503, 166.504, 166.504, 166.505, 166.506, 166.506, 166.506, 166.506, 166.506, 166.506, 166.506, 166.505, 166.505, 166.505, 166.505, 166.504, 172.025, 166.506, 166.506, 166.506, 166.506, 166.505, 166.505, 166.505,
 35645.044, 174.471, 169.711, 166.316, 166.323, 166.325, 166.328, 166.329, 166.330, 166.330, 166.330, 166.330, 166.331, 166.331, 166.331, 166.332, 166.332, 166.333, 166.334, 166.335, 166.335, 166.335, 166.335, 166.335, 166.335, 166.335, 166.334, 166.334, 166.334, 166.334, 166.334, 172.025, 166.335, 166.335, 166.335, 166.335, 166.334, 166.335, 166.334,
 35646.045, 174.471, 169.711, 166.134, 166.139, 166.141, 166.144, 166.145, 166.146, 166.146, 166.146, 166.146, 166.146, 166.147, 166.147, 166.148, 166.149, 166.149, 166.151, 166.152, 166.152, 166.152, 166.151, 166.151, 166.151, 166.151, 166.150, 166.150, 166.150, 166.149, 166.149, 172.025, 166.152, 166.152, 166.151, 166.151, 166.151, 166.150, 166.150,
 35647.046, 174.471, 169.711, 165.919, 165.920, 165.922, 165.926, 165.927, 165.927, 165.927, 165.927, 165.927, 165.928, 165.928, 165.929, 165.929, 165.930, 165.931, 165.931, 165.932, 165.932, 165.932, 165.932, 165.932, 165.932, 165.932, 165.931, 165.931, 165.931, 165.930, 165.930, 172.025, 165.932, 165.932, 165.932, 165.932, 165.932, 165.931, 165.931,
 35648.045, 174.471, 169.711, 165.748, 165.720, 165.723, 165.726, 165.728, 165.728, 165.728, 165.729, 165.729, 165.729, 165.729, 165.730, 165.730, 165.731, 165.731, 165.732, 165.733, 165.733, 165.733, 165.733, 165.733, 165.733, 165.733, 165.733, 165.732, 165.732, 165.732, 165.732, 172.025, 165.733, 165.733, 165.733, 165.733, 165.733, 165.733, 165.733,
 35649.043, 174.471, 169.711, 165.651, 165.584, 165.592, 165.594, 165.596, 165.597, 165.597, 165.598, 165.598, 165.598, 165.598, 165.599, 165.599, 165.600, 165.600, 165.601, 165.602, 165.602, 165.602, 165.602, 165.602, 165.602, 165.602, 165.602, 165.602, 165.601, 165.601, 165.601, 172.025, 165.602, 165.602, 165.602, 165.602, 165.602, 165.602, 165.602,
 35650.043, 174.471, 169.711, 165.528, 165.446, 165.454, 165.456, 165.459, 165.459, 165.460, 165.460, 165.460, 165.460, 165.461, 165.461, 165.462, 165.462, 165.463, 165.464, 165.465, 165.465, 165.465, 165.465, 165.464, 165.465, 165.465, 165.464, 165.464, 165.464, 165.464, 165.464, 172.025, 165.465, 165.465, 165.465, 165.465, 165.465, 165.465, 165.465,
 35651.044, 174.471, 169.711, 165.338, 165.276, 165.282, 165.285, 165.286, 165.287, 165.287, 165.287, 165.287, 165.288, 165.288, 165.288, 165.289, 165.289, 165.290, 165.291, 165.292, 165.292, 165.292, 165.292, 165.291, 165.291, 165.291, 165.291, 165.291, 165.291, 165.291, 165.291, 172.025, 165.292, 165.292, 165.292, 165.291, 165.291, 165.291, 165.291,
 35652.044, 174.471, 169.711, 165.179, 165.105, 165.111, 165.114, 165.115, 165.115, 165.116, 165.116, 165.116, 165.116, 165.117, 165.117, 165.117, 165.118, 165.118, 165.119, 165.120, 165.121, 165.120, 165.120, 165.120, 165.120, 165.120, 165.120, 165.120, 165.120, 165.120, 165.120, 172.025, 165.120, 165.121, 165.120, 165.120, 165.120, 165.120, 165.120,
 35653.043, 174.471, 169.711, 165.055, 164.942, 164.950, 164.953, 164.954, 164.955, 164.955, 164.955, 164.955, 164.956, 164.956, 164.956, 164.957, 164.957, 164.958, 164.959, 164.960, 164.960, 164.960, 164.960, 164.960, 164.960, 164.960, 164.959, 164.960, 164.960, 164.960, 164.959, 172.025, 164.960, 164.960, 164.960, 164.960, 164.960, 164.960, 164.960,
 35654.044, 174.471, 169.711, 165.010, 164.780, 164.791, 164.793, 164.794, 164.795, 164.796, 164.796, 164.796, 164.797, 164.797, 164.798, 164.798, 164.799, 164.799, 164.800, 164.800, 164.800, 164.800, 164.800, 164.800, 164.800, 164.800, 164.800, 164.799, 164.799, 164.799, 164.799, 172.025, 164.800, 164.800, 164.800, 164.799, 164.799, 164.800, 164.799,
 35655.044, 174.471, 169.711, 164.942, 164.601, 164.613, 164.615, 164.617, 164.618, 164.618, 164.619, 164.619, 164.619, 164.620, 164.620, 164.621, 164.621, 164.621, 164.622, 164.623, 164.623, 164.623, 164.623, 164.623, 164.623, 164.623, 164.623, 164.623, 164.623, 164.623, 164.622, 172.025, 164.623, 164.623, 164.623, 164.623, 164.623, 164.623, 164.623,
 35656.044, 174.471, 169.711, 164.880, 164.394, 164.407, 164.409, 164.411, 164.411, 164.411, 164.412, 164.412, 164.412, 164.413, 164.413, 164.414, 164.414, 164.414, 164.415, 164.416, 164.416, 164.416, 164.416, 164.416, 164.416, 164.416, 164.416, 164.416, 164.416, 164.415, 164.415, 172.025, 164.416, 164.416, 164.416, 164.416, 164.416, 164.416, 164.416,
 35657.043, 174.471, 169.711, 165.001, 164.205, 164.195, 164.195, 164.197, 164.198, 164.198, 164.198, 164.198, 164.199, 164.199, 164.199, 164.200, 164.200, 164.201, 164.202, 164.202, 164.203, 164.203, 164.202, 164.203, 164.202, 164.203, 164.202, 164.202, 164.202, 164.202, 164.202, 172.025, 164.203, 164.203, 164.203, 164.202, 164.203, 164.203, 164.202,
 35658.045, 174.471, 169.711, 165.552, 164.001, 164.005, 164.007, 164.008, 164.009, 164.009, 164.009, 164.009, 164.010, 164.010, 164.010, 164.011, 164.011, 164.012, 164.013, 164.014, 164.014, 164.014, 164.014, 164.014, 164.014, 164.014, 164.014, 164.014, 164.014, 164.013, 164.013, 172.025, 164.014, 164.014, 164.014, 164.014, 164.014, 164.014, 164.014,
 35659.045, 174.471, 169.711, 165.552, 163.886, 163.890, 163.893, 163.894, 163.895, 163.895, 163.896, 163.896, 163.896, 163.897, 163.897, 163.898, 163.898, 163.899, 163.900, 163.901, 163.901, 163.901, 163.900, 163.900, 163.900, 163.899, 163.898, 163.899, 163.898, 163.898, 163.898, 172.025, 163.901, 163.901, 163.899, 163.899, 163.899, 163.899, 163.899,
 35660.045, 174.471, 169.711, 165.552, 163.845, 163.849, 163.851, 163.853, 163.853, 163.854, 163.854, 163.854, 163.855, 163.855, 163.856, 163.857, 163.857, 163.858, 163.860, 163.860, 163.860, 163.860, 163.859, 163.859, 163.859, 163.858, 163.857, 163.857, 163.857, 163.857, 163.856, 172.025, 163.861, 163.860, 163.858, 163.857, 163.857, 163.857, 163.857,
 35661.044, 174.471, 169.711, 165.552, 163.825, 163.831, 163.833, 163.836, 163.836, 163.837, 163.837, 163.837, 163.838, 163.838, 163.839, 163.840, 163.841, 163.841, 163.842, 163.843, 163.843, 163.842, 163.842, 163.842, 163.842, 163.841, 163.841, 163.840, 163.840, 163.840, 163.839, 172.025, 163.843, 163.843, 163.841, 163.841, 163.840, 163.841, 163.840,
 35662.044, 174.471, 169.711, 165.552, 163.782, 163.776, 163.778, 163.780, 163.781, 163.781, 163.781, 163.781, 163.782, 163.782, 163.783, 163.784, 163.784, 163.785, 163.786, 163.787, 163.787, 163.787, 163.786, 163.786, 163.786, 163.785, 163.784, 163.784, 163.784, 163.784, 163.783, 172.025, 163.787, 163.787, 163.786, 163.785, 163.785, 163.785, 163.785,
 35663.044, 174.471, 169.711, 165.552, 163.681, 163.685, 163.687, 163.689, 163.690, 163.690, 163.690, 163.691, 163.691, 163.691, 163.692, 163.693, 163.693, 163.694, 163.695, 163.696, 163.696, 163.695, 163.695, 163.695, 163.694, 163.694, 163.693, 163.693, 163.693, 163.693, 163.692, 172.025, 163.696, 163.696, 163.695, 163.694, 163.694, 163.694, 163.694,
 35664.044, 174.471, 169.711, 165.552, 163.595, 163.599, 163.602, 163.603, 163.604, 163.604, 163.604, 163.605, 163.605, 163.606, 163.606, 163.607, 163.608, 163.608, 163.609, 163.610, 163.610, 163.609, 163.609, 163.609, 163.608, 163.607, 163.607, 163.607, 163.607, 163.607, 163.606, 172.025, 163.610, 163.610, 163.608, 163.607, 163.607, 163.607, 163.607,
 35665.045, 174.471, 169.711, 165.552, 163.526, 163.530, 163.532, 163.534, 163.534, 163.534, 163.535, 163.535, 163.535, 163.536, 163.536, 163.537, 163.538, 163.538, 163.540, 163.540, 163.540, 163.540, 163.540, 163.539, 163.539, 163.538, 163.538, 163.538, 163.538, 163.537, 163.537, 172.025, 163.540, 163.540, 163.538, 163.538, 163.538, 163.538, 163.538,
 35666.044, 174.471, 169.711, 165.552, 163.502, 163.506, 163.508, 163.510, 163.511, 163.511, 163.512, 163.512, 163.512, 163.513, 163.513, 163.514, 163.514, 163.515, 163.516, 163.517, 163.517, 163.516, 163.516, 163.516, 163.515, 163.515, 163.515, 163.514, 163.514, 163.514, 163.514, 172.025, 163.517, 163.517, 163.515, 163.515, 163.514, 163.515, 163.515,
 35667.043, 174.471, 169.711, 165.552, 163.507, 163.511, 163.513, 163.515, 163.515, 163.515, 163.516, 163.516, 163.516, 163.517, 163.517, 163.518, 163.518, 163.519, 163.520, 163.521, 163.520, 163.520, 163.520, 163.520, 163.519, 163.519, 163.519, 163.519, 163.518, 163.518, 163.518, 172.025, 163.521, 163.521, 163.520, 163.519, 163.519, 163.519, 163.519,
 35668.044, 174.471, 169.711, 165.552, 163.498, 163.503, 163.505, 163.507, 163.508, 163.508, 163.508, 163.509, 163.509, 163.509, 163.510, 163.511, 163.511, 163.512, 163.513, 163.513, 163.513, 163.513, 163.513, 163.513, 163.512, 163.512, 163.511, 163.512, 163.511, 163.511, 163.511, 172.025, 163.514, 163.514, 163.513, 163.513, 163.513, 163.512, 163.512,
 35669.044, 174.471, 169.711, 165.552, 163.444, 163.451, 163.453, 163.456, 163.456, 163.457, 163.457, 163.457, 163.458, 163.458, 163.459, 163.459, 163.460, 163.461, 163.462, 163.462, 163.462, 163.462, 163.462, 163.461, 163.461, 163.461, 163.460, 163.460, 163.460, 163.460, 163.459, 172.025, 163.462, 163.462, 163.461, 163.461, 163.461, 163.461, 163.460,
 35670.044, 174.471, 169.711, 165.552, 163.341, 163.345, 163.347, 163.349, 163.349, 163.349, 163.350, 163.350, 163.350, 163.351, 163.351, 163.352, 163.352, 163.353, 163.354, 163.355, 163.355, 163.354, 163.354, 163.354, 163.354, 163.353, 163.353, 163.353, 163.352, 163.352, 163.352, 172.025, 163.355, 163.354, 163.354, 163.353, 163.353, 163.353, 163.353,
 35671.045, 174.471, 169.711, 165.552, 163.215, 163.219, 163.221, 163.223, 163.223, 163.224, 163.224, 163.224, 163.225, 163.225, 163.226, 163.226, 163.227, 163.227, 163.228, 163.229, 163.229, 163.229, 163.228, 163.228, 163.228, 163.228, 163.228, 163.227, 163.227, 163.227, 163.226, 172.025, 163.229, 163.229, 163.228, 163.228, 163.227, 163.227, 163.227,
 35672.043, 174.471, 169.711, 165.552, 163.102, 163.105, 163.108, 163.109, 163.110, 163.110, 163.111, 163.111, 163.111, 163.112, 163.112, 163.113, 163.113, 163.114, 163.115, 163.116, 163.115, 163.115, 163.115, 163.115, 163.115, 163.114, 163.114, 163.114, 163.113, 163.113, 163.113, 172.025, 163.116, 163.116, 163.115, 163.114, 163.114, 163.114, 163.114,
 35673.043, 174.471, 169.711, 165.552, 163.046, 163.037, 163.040, 163.042, 163.042, 163.043, 163.043, 163.043, 163.044, 163.044, 163.044, 163.045, 163.046, 163.047, 163.048, 163.048, 163.048, 163.047, 163.047, 163.047, 163.047, 163.046, 163.045, 163.045, 163.045, 163.045, 163.045, 172.025, 163.048, 163.048, 163.047, 163.046, 163.046, 163.046, 163.046,
 35674.044, 174.471, 169.711, 165.552, 163.025, 163.030, 163.032, 163.034, 163.035, 163.035, 163.035, 163.035, 163.036, 163.036, 163.037, 163.038, 163.038, 163.039, 163.039, 163.040, 163.040, 163.040, 163.040, 163.039, 163.039, 163.039, 163.038, 163.038, 163.038, 163.038, 163.038, 172.025, 163.040, 163.040, 163.039, 163.039, 163.039, 163.039, 163.039,
 35675.043, 174.471, 169.711, 165.552, 163.047, 163.053, 163.055, 163.058, 163.058, 163.059, 163.059, 163.059, 163.060, 163.060, 163.061, 163.061, 163.062, 163.062, 163.063, 163.063, 163.063, 163.063, 163.062, 163.062, 163.062, 163.061, 163.061, 163.061, 163.061, 163.061, 163.060, 172.025, 163.063, 163.063, 163.062, 163.061, 163.061, 163.062, 163.061,
 35676.044, 174.471, 169.711, 165.552, 163.071, 163.060, 163.063, 163.065, 163.066, 163.066, 163.066, 163.067, 163.067, 163.068, 163.068, 163.069, 163.070, 163.070, 163.071, 163.072, 163.072, 163.071, 163.071, 163.071, 163.071, 163.070, 163.070, 163.070, 163.070, 163.070, 163.069, 172.025, 163.072, 163.072, 163.070, 163.070, 163.070, 163.070, 163.070,
 35677.045, 174.471, 169.711, 165.552, 163.052, 163.060, 163.062, 163.064, 163.065, 163.065, 163.065, 163.066, 163.066, 163.067, 163.067, 163.068, 163.068, 163.069, 163.070, 163.070, 163.070, 163.070, 163.070, 163.069, 163.069, 163.069, 163.069, 163.068, 163.068, 163.068, 163.068, 172.025, 163.071, 163.071, 163.069, 163.069, 163.068, 163.069, 163.069,
 35678.044, 174.471, 169.711, 165.552, 163.050, 163.056, 163.059, 163.061, 163.062, 163.062, 163.062, 163.062, 163.063, 163.063, 163.064, 163.064, 163.064, 163.065, 163.066, 163.067, 163.067, 163.066, 163.066, 163.065, 163.065, 163.065, 163.065, 163.065, 163.064, 163.064, 163.063, 172.025, 163.067, 163.067, 163.066, 163.066, 163.065, 163.065, 163.065,
 35679.044, 174.471, 169.711, 165.552, 163.064, 163.072, 163.075, 163.077, 163.078, 163.078, 163.078, 163.078, 163.079, 163.079, 163.079, 163.080, 163.080, 163.080, 163.081, 163.083, 163.082, 163.082, 163.081, 163.081, 163.081, 163.081, 163.080, 163.080, 163.080, 163.080, 163.079, 172.025, 163.083, 163.083, 163.082, 163.081, 163.080, 163.081, 163.081,
 35680.043, 174.471, 169.711, 165.552, 163.130, 163.139, 163.142, 163.144, 163.145, 163.146, 163.146, 163.146, 163.146, 163.147, 163.147, 163.147, 163.148, 163.148, 163.149, 163.150, 163.150, 163.149, 163.149, 163.148, 163.148, 163.148, 163.147, 163.147, 163.147, 163.147, 163.147, 172.025, 163.149, 163.149, 163.148, 163.148, 163.148, 163.148, 163.148,
 35681.044, 174.471, 169.711, 165.552, 163.229, 163.238, 163.241, 163.244, 163.244, 163.245, 163.245, 163.245, 163.246, 163.246, 163.247, 163.247, 163.247, 163.248, 163.249, 163.250, 163.250, 163.249, 163.249, 163.248, 163.248, 163.248, 163.247, 163.247, 163.247, 163.247, 163.246, 172.025, 163.250, 163.250, 163.248, 163.248, 163.248, 163.248, 163.248,
 35682.043, 174.471, 169.711, 165.552, 163.315, 163.321, 163.324, 163.325, 163.326, 163.326, 163.326, 163.326, 163.326, 163.327, 163.327, 163.327, 163.328, 163.328, 163.329, 163.330, 163.330, 163.330, 163.329, 163.329, 163.329, 163.329, 163.328, 163.328, 163.327, 163.327, 163.326, 172.025, 163.330, 163.330, 163.329, 163.329, 163.329, 163.328, 163.328,
 35683.044, 174.471, 169.711, 165.552, 163.417, 163.400, 163.403, 163.407, 163.408, 163.409, 163.409, 163.409, 163.410, 163.410, 163.410, 163.411, 163.411, 163.412, 163.412, 163.413, 163.413, 163.413, 163.413, 163.412, 163.412, 163.412, 163.411, 163.411, 163.411, 163.410, 163.410, 172.025, 163.413, 163.413, 163.412, 163.412, 163.412, 163.411, 163.411,
 35684.044, 174.471, 169.711, 165.552, 163.439, 163.443, 163.446, 163.448, 163.449, 163.449, 163.450, 163.450, 163.450, 163.450, 163.451, 163.451, 163.452, 163.452, 163.453, 163.454, 163.454, 163.453, 163.453, 163.453, 163.453, 163.452, 163.452, 163.452, 163.452, 163.452, 163.451, 172.025, 163.454, 163.454, 163.453, 163.452, 163.453, 163.452, 163.452,
 35685.044, 174.471, 169.711, 165.552, 163.406, 163.410, 163.413, 163.414, 163.415, 163.415, 163.415, 163.415, 163.415, 163.416, 163.416, 163.416, 163.417, 163.417, 163.418, 163.419, 163.419, 163.419, 163.418, 163.418, 163.418, 163.418, 163.418, 163.418, 163.417, 163.417, 163.417, 172.025, 163.419, 163.419, 163.418, 163.418, 163.418, 163.418, 163.418,
 35686.044, 174.471, 169.711, 165.552, 163.405, 163.411, 163.414, 163.417, 163.417, 163.418, 163.418, 163.418, 163.418, 163.419, 163.419, 163.419, 163.420, 163.420, 163.421, 163.422, 163.422, 163.422, 163.422, 163.421, 163.422, 163.421, 163.422, 163.421, 163.421, 163.421, 163.420, 172.025, 163.422, 163.422, 163.422, 163.421, 163.421, 163.421, 163.421,
 35687.043, 174.471, 169.711, 165.552, 163.448, 163.453, 163.455, 163.457, 163.458, 163.458, 163.458, 163.458, 163.459, 163.459, 163.459, 163.460, 163.460, 163.461, 163.462, 163.463, 163.463, 163.462, 163.462, 163.462, 163.462, 163.462, 163.462, 163.462, 163.462, 163.461, 163.461, 172.025, 163.463, 163.462, 163.462, 163.462, 163.462, 163.462, 163.462,
 35688.044, 174.471, 169.711, 165.552, 163.456, 163.458, 163.460, 163.462, 163.462, 163.463, 163.463, 163.463, 163.463, 163.463, 163.464, 163.464, 163.465, 163.465, 163.466, 163.467, 163.467, 163.467, 163.466, 163.466, 163.466, 163.466, 163.466, 163.466, 163.466, 163.466, 163.466, 172.025, 163.466, 163.467, 163.466, 163.466, 163.467, 163.466, 163.466,
 35689.044, 174.471, 169.711, 165.552, 163.425, 163.428, 163.430, 163.432, 163.432, 163.432, 163.433, 163.433, 163.433, 163.433, 163.434, 163.434, 163.434, 163.435, 163.436, 163.437, 163.437, 163.437, 163.436, 163.436, 163.436, 163.436, 163.436, 163.436, 163.436, 163.436, 163.436, 172.025, 163.436, 163.437, 163.436, 163.436, 163.436, 163.436, 163.436,
 35690.045, 174.471, 169.711, 165.552, 163.389, 163.393, 163.395, 163.397, 163.398, 163.398, 163.398, 163.399, 163.399, 163.399, 163.400, 163.400, 163.401, 163.401, 163.402, 163.403, 163.403, 163.403, 163.403, 163.403, 163.403, 163.403, 163.402, 163.402, 163.402, 163.402, 163.402, 172.025, 163.403, 163.403, 163.403, 163.403, 163.403, 163.403, 163.402,
 35691.045, 174.471, 169.711, 165.552, 163.382, 163.388, 163.390, 163.392, 163.392, 163.393, 163.393, 163.393, 163.394, 163.394, 163.394, 163.395, 163.395, 163.396, 163.397, 163.398, 163.398, 163.398, 163.398, 163.398, 163.397, 163.397, 163.398, 163.397, 163.397, 163.397, 163.397, 172.025, 163.398, 163.398, 163.397, 163.397, 163.397, 163.397, 163.397,
 35692.044, 174.471, 169.711, 165.552, 163.389, 163.395, 163.396, 163.399, 163.399, 163.400, 163.400, 163.400, 163.401, 163.401, 163.402, 163.402, 163.403, 163.403, 163.404, 163.405, 163.405, 163.405, 163.405, 163.405, 163.404, 163.404, 163.404, 163.404, 163.404, 163.404, 163.404, 172.025, 163.405, 163.405, 163.404, 163.404, 163.404, 163.404, 163.404,
 35693.044, 174.471, 169.711, 165.552, 163.449, 163.456, 163.458, 163.460, 163.461, 163.461, 163.461, 163.461, 163.462, 163.462, 163.462, 163.463, 163.463, 163.464, 163.465, 163.465, 163.465, 163.465, 163.465, 163.465, 163.465, 163.465, 163.465, 163.465, 163.465, 163.464, 163.464, 172.025, 163.465, 163.465, 163.465, 163.465, 163.465, 163.465, 163.465,
 35694.044, 174.471, 169.711, 165.552, 163.564, 163.569, 163.570, 163.573, 163.573, 163.574, 163.574, 163.574, 163.575, 163.575, 163.575, 163.576, 163.576, 163.577, 163.578, 163.578, 163.578, 163.578, 163.578, 163.578, 163.578, 163.578, 163.578, 163.578, 163.578, 163.578, 163.577, 172.025, 163.578, 163.578, 163.578, 163.578, 163.578, 163.578, 163.578,
 35695.045, 174.471, 169.711, 165.552, 163.651, 163.655, 163.656, 163.658, 163.659, 163.659, 163.660, 163.660, 163.660, 163.660, 163.661, 163.661, 163.662, 163.662, 163.663, 163.664, 163.664, 163.664, 163.664, 163.663, 163.664, 163.663, 163.664, 163.663, 163.663, 163.663, 163.663, 172.025, 163.664, 163.664, 163.663, 163.663, 163.663, 163.663, 163.663,
 35696.044, 174.471, 169.711, 165.552, 163.748, 163.758, 163.759, 163.761, 163.763, 163.763, 163.764, 163.764, 163.764, 163.765, 163.765, 163.765, 163.766, 163.767, 163.767, 163.768, 163.768, 163.768, 163.768, 163.768, 163.768, 163.768, 163.768, 163.768, 163.768, 163.768, 163.768, 172.025, 163.768, 163.768, 163.767, 163.768, 163.768, 163.768, 163.768,
 35697.044, 174.471, 169.711, 165.552, 163.819, 163.824, 163.825, 163.827, 163.828, 163.828, 163.828, 163.829, 163.829, 163.829, 163.829, 163.830, 163.830, 163.831, 163.832, 163.832, 163.832, 163.832, 163.832, 163.832, 163.832, 163.832, 163.832, 163.832, 163.832, 163.832, 163.833, 172.025, 163.832, 163.832, 163.831, 163.831, 163.832, 163.832, 163.832,
 35698.045, 174.471, 169.711, 165.552, 163.850, 163.842, 163.843, 163.845, 163.846, 163.847, 163.847, 163.848, 163.848, 163.848, 163.849, 163.849, 163.849, 163.850, 163.851, 163.851, 163.851, 163.852, 163.852, 163.852, 163.851, 163.851, 163.851, 163.852, 163.852, 163.852, 163.852, 172.025, 163.852, 163.852, 163.851, 163.851, 163.851, 163.852, 163.851,
 35699.046, 174.471, 169.711, 165.552, 163.884, 163.891, 163.892, 163.894, 163.895, 163.895, 163.896, 163.896, 163.896, 163.897, 163.897, 163.897, 163.898, 163.899, 163.899, 163.900, 163.900, 163.900, 163.900, 163.900, 163.900, 163.900, 163.900, 163.900, 163.900, 163.900, 163.901, 172.025, 163.900, 163.900, 163.899, 163.900, 163.900, 163.900, 163.900,
 35700.045, 174.471, 169.711, 165.552, 163.966, 163.972, 163.973, 163.975, 163.976, 163.976, 163.977, 163.977, 163.977, 163.977, 163.978, 163.978, 163.979, 163.979, 163.980, 163.980, 163.980, 163.980, 163.980, 163.980, 163.980, 163.980, 163.980, 163.980, 163.980, 163.981, 163.981, 172.025, 163.981, 163.980, 163.980, 163.980, 163.980, 163.980, 163.980,
 35701.045, 174.471, 169.711, 165.552, 164.107, 164.116, 164.118, 164.120, 164.121, 164.122, 164.122, 164.122, 164.123, 164.123, 164.123, 164.124, 164.124, 164.125, 164.125, 164.126, 164.126, 164.126, 164.126, 164.126, 164.126, 164.126, 164.126, 164.126, 164.126, 164.127, 164.127, 172.025, 164.127, 164.126, 164.126, 164.126, 164.126, 164.126, 164.126,
 35702.046, 174.471, 169.711, 165.552, 164.246, 164.250, 164.251, 164.253, 164.253, 164.254, 164.254, 164.254, 164.255, 164.255, 164.255, 164.256, 164.256, 164.257, 164.258, 164.258, 164.258, 164.258, 164.258, 164.258, 164.258, 164.258, 164.258, 164.258, 164.258, 164.258, 164.258, 172.025, 164.258, 164.258, 164.258, 164.258, 164.258, 164.258, 164.258,
 35703.046, 174.471, 169.711, 165.552, 164.238, 164.239, 164.240, 164.242, 164.242, 164.243, 164.243, 164.243, 164.244, 164.244, 164.244, 164.245, 164.245, 164.245, 164.246, 164.247, 164.247, 164.247, 164.246, 164.246, 164.246, 164.247, 164.246, 164.246, 164.246, 164.246, 164.246, 172.025, 164.247, 164.247, 164.247, 164.247, 164.247, 164.247, 164.247,
 35704.045, 174.471, 169.711, 165.552, 164.176, 164.178, 164.180, 164.181, 164.181, 164.182, 164.182, 164.182, 164.183, 164.183, 164.183, 164.183, 164.184, 164.184, 164.185, 164.186, 164.186, 164.186, 164.186, 164.186, 164.186, 164.185, 164.185, 164.185, 164.185, 164.185, 164.185, 172.025, 164.185, 164.186, 164.185, 164.185, 164.185, 164.185, 164.185,
 35705.045, 174.471, 169.711, 165.552, 164.144, 164.147, 164.148, 164.150, 164.150, 164.151, 164.151, 164.151, 164.152, 164.152, 164.152, 164.153, 164.153, 164.154, 164.154, 164.155, 164.155, 164.155, 164.155, 164.155, 164.155, 164.155, 164.155, 164.155, 164.155, 164.155, 164.155, 172.025, 164.155, 164.155, 164.154, 164.155, 164.155, 164.155, 164.155,
 35706.046, 174.471, 169.711, 165.552, 164.111, 164.108, 164.110, 164.111, 164.112, 164.113, 164.113, 164.113, 164.114, 164.114, 164.114, 164.115, 164.115, 164.116, 164.116, 164.117, 164.117, 164.117, 164.117, 164.117, 164.117, 164.117, 164.117, 164.117, 164.117, 164.117, 164.117, 172.025, 164.117, 164.117, 164.116, 164.116, 164.116, 164.117, 164.116,
 35707.046, 174.471, 169.711, 165.552, 164.078, 164.080, 164.082, 164.083, 164.084, 164.084, 164.085, 164.085, 164.085, 164.085, 164.086, 164.086, 164.087, 164.087, 164.088, 164.088, 164.088, 164.088, 164.088, 164.088, 164.088, 164.088, 164.088, 164.088, 164.088, 164.088, 164.088, 172.025, 164.089, 164.088, 164.088, 164.088, 164.088, 164.088, 164.088,
 35708.045, 174.471, 169.711, 165.552, 164.088, 164.091, 164.092, 164.094, 164.094, 164.095, 164.095, 164.095, 164.096, 164.096, 164.096, 164.096, 164.097, 164.097, 164.098, 164.099, 164.099, 164.099, 164.099, 164.099, 164.099, 164.098, 164.099, 164.099, 164.099, 164.099, 164.099, 172.025, 164.099, 164.099, 164.098, 164.098, 164.098, 164.098, 164.098,
 35709.045, 174.471, 169.711, 165.552, 164.119, 164.122, 164.123, 164.125, 164.126, 164.126, 164.127, 164.127, 164.127, 164.127, 164.128, 164.128, 164.128, 164.129, 164.129, 164.130, 164.130, 164.130, 164.130, 164.130, 164.130, 164.130, 164.130, 164.130, 164.130, 164.130, 164.131, 172.025, 164.130, 164.130, 164.129, 164.130, 164.130, 164.130, 164.130,
 35710.047, 174.471, 169.711, 165.552, 164.149, 164.153, 164.154, 164.155, 164.156, 164.156, 164.157, 164.157, 164.157, 164.157, 164.158, 164.158, 164.158, 164.159, 164.160, 164.160, 164.160, 164.160, 164.160, 164.160, 164.160, 164.160, 164.160, 164.160, 164.160, 164.161, 164.161, 172.025, 164.161, 164.160, 164.160, 164.160, 164.160, 164.160, 164.160,
 35711.047, 174.471, 169.711, 165.552, 164.160, 164.163, 164.164, 164.165, 164.166, 164.166, 164.167, 164.167, 164.167, 164.167, 164.168, 164.168, 164.168, 164.169, 164.170, 164.170, 164.170, 164.170, 164.170, 164.170, 164.170, 164.170, 164.170, 164.170, 164.170, 164.170, 164.170, 172.025, 164.170, 164.170, 164.170, 164.170, 164.170, 164.170, 164.170,
 35712.044, 174.471, 169.711, 165.552, 164.140, 164.143, 164.144, 164.146, 164.147, 164.147, 164.147, 164.148, 164.148, 164.148, 164.149, 164.149, 164.149, 164.150, 164.150, 164.150, 164.151, 164.151, 164.151, 164.151, 164.151, 164.151, 164.151, 164.151, 164.151, 164.151, 164.152, 172.025, 164.151, 164.151, 164.150, 164.150, 164.151, 164.151, 164.151,
 35713.047, 174.471, 169.711, 165.552, 164.107, 164.109, 164.110, 164.112, 164.112, 164.113, 164.113, 164.113, 164.114, 164.114, 164.114, 164.115, 164.115, 164.115, 164.116, 164.116, 164.116, 164.117, 164.117, 164.117, 164.117, 164.116, 164.117, 164.117, 164.117, 164.117, 164.117, 172.025, 164.117, 164.117, 164.116, 164.116, 164.116, 164.116, 164.116,
 35714.046, 174.471, 169.711, 165.552, 164.088, 164.089, 164.090, 164.092, 164.092, 164.092, 164.093, 164.093, 164.093, 164.093, 164.094, 164.094, 164.094, 164.095, 164.095, 164.096, 164.096, 164.096, 164.096, 164.096, 164.096, 164.096, 164.095, 164.095, 164.095, 164.095, 164.095, 172.025, 164.095, 164.096, 164.095, 164.095, 164.095, 164.095, 164.095,
 35715.047, 174.471, 169.711, 165.552, 164.118, 164.122, 164.123, 164.124, 164.125, 164.125, 164.126, 164.126, 164.126, 164.127, 164.127, 164.127, 164.128, 164.128, 164.128, 164.129, 164.129, 164.129, 164.129, 164.129, 164.129, 164.129, 164.129, 164.129, 164.129, 164.129, 164.129, 172.025, 164.129, 164.129, 164.129, 164.129, 164.129, 164.129, 164.129,
 35716.047, 174.471, 169.711, 165.552, 164.172, 164.176, 164.177, 164.178, 164.179, 164.180, 164.180, 164.180, 164.181, 164.181, 164.181, 164.182, 164.182, 164.182, 164.183, 164.183, 164.183, 164.183, 164.183, 164.183, 164.183, 164.183, 164.183, 164.183, 164.183, 164.184, 164.184, 172.025, 164.184, 164.183, 164.183, 164.183, 164.183, 164.183, 164.183,
 35717.047, 174.471, 169.711, 165.552, 164.204, 164.209, 164.210, 164.212, 164.212, 164.213, 164.213, 164.214, 164.214, 164.214, 164.214, 164.215, 164.215, 164.215, 164.216, 164.216, 164.216, 164.216, 164.216, 164.216, 164.216, 164.216, 164.216, 164.216, 164.217, 164.217, 164.217, 172.025, 164.217, 164.216, 164.216, 164.216, 164.216, 164.216, 164.216,
 35718.047, 174.471, 169.711, 165.552, 164.209, 164.213, 164.214, 164.215, 164.216, 164.217, 164.217, 164.217, 164.217, 164.217, 164.218, 164.218, 164.218, 164.219, 164.219, 164.220, 164.220, 164.220, 164.220, 164.220, 164.220, 164.220, 164.220, 164.220, 164.220, 164.220, 164.220, 172.025, 164.220, 164.220, 164.219, 164.220, 164.220, 164.220, 164.220,
 35719.047, 174.471, 169.711, 165.552, 164.182, 164.186, 164.188, 164.190, 164.191, 164.191, 164.192, 164.192, 164.192, 164.192, 164.193, 164.193, 164.193, 164.194, 164.194, 164.194, 164.194, 164.195, 164.195, 164.195, 164.195, 164.195, 164.195, 164.195, 164.195, 164.195, 164.196, 172.025, 164.195, 164.195, 164.194, 164.194, 164.195, 164.195, 164.195,
 35720.047, 174.471, 169.711, 165.552, 164.149, 164.151, 164.153, 164.154, 164.155, 164.155, 164.156, 164.156, 164.156, 164.156, 164.157, 164.157, 164.157, 164.157, 164.158, 164.158, 164.158, 164.158, 164.159, 164.159, 164.159, 164.158, 164.158, 164.159, 164.159, 164.159, 164.159, 172.025, 164.158, 164.158, 164.158, 164.158, 164.158, 164.158, 164.158,
 35721.047, 174.471, 169.711, 165.552, 164.118, 164.121, 164.122, 164.124, 164.125, 164.125, 164.125, 164.125, 164.126, 164.126, 164.126, 164.126, 164.126, 164.127, 164.127, 164.128, 164.128, 164.128, 164.128, 164.128, 164.128, 164.128, 164.128, 164.128, 164.128, 164.128, 164.128, 172.025, 164.128, 164.128, 164.127, 164.128, 164.128, 164.128, 164.128,
 35722.047, 174.471, 169.711, 165.552, 164.131, 164.133, 164.134, 164.136, 164.136, 164.137, 164.137, 164.137, 164.137, 164.137, 164.138, 164.138, 164.138, 164.139, 164.139, 164.139, 164.139, 164.139, 164.139, 164.139, 164.139, 164.139, 164.139, 164.140, 164.140, 164.140, 164.140, 172.025, 164.139, 164.139, 164.140, 164.140, 164.140, 164.139, 164.139,
 35723.047, 174.471, 169.711, 165.552, 164.162, 164.165, 164.166, 164.168, 164.168, 164.169, 164.169, 164.169, 164.169, 164.169, 164.170, 164.170, 164.170, 164.171, 164.171, 164.171, 164.171, 164.171, 164.171, 164.171, 164.171, 164.171, 164.171, 164.171, 164.171, 164.171, 164.171, 172.025, 164.171, 164.171, 164.172, 164.171, 164.171, 164.171, 164.171,
 35724.047, 174.471, 169.711, 165.552, 164.171, 164.174, 164.175, 164.177, 164.178, 164.178, 164.178, 164.178, 164.179, 164.179, 164.179, 164.180, 164.180, 164.180, 164.180, 164.181, 164.181, 164.181, 164.181, 164.181, 164.181, 164.181, 164.181, 164.181, 164.181, 164.181, 164.181, 172.025, 164.181, 164.181, 164.181, 164.181, 164.181, 164.181, 164.181,
 35725.047, 174.471, 169.711, 165.552, 164.162, 164.165, 164.166, 164.168, 164.169, 164.169, 164.169, 164.170, 164.170, 164.170, 164.170, 164.170, 164.171, 164.171, 164.171, 164.172, 164.172, 164.172, 164.172, 164.172, 164.172, 164.172, 164.172, 164.172, 164.172, 164.172, 164.172, 172.025, 164.172, 164.172, 164.172, 164.172, 164.172, 164.172, 164.172,
 35726.047, 174.471, 169.711, 165.552, 164.150, 164.153, 164.154, 164.156, 164.157, 164.157, 164.157, 164.158, 164.158, 164.158, 164.158, 164.159, 164.159, 164.159, 164.159, 164.160, 164.160, 164.160, 164.160, 164.160, 164.160, 164.160, 164.160, 164.160, 164.160, 164.160, 164.161, 172.025, 164.160, 164.160, 164.160, 164.160, 164.160, 164.160, 164.160,
 35727.047, 174.471, 169.711, 165.552, 164.155, 164.159, 164.160, 164.162, 164.163, 164.163, 164.163, 164.163, 164.164, 164.164, 164.164, 164.164, 164.165, 164.165, 164.165, 164.165, 164.165, 164.166, 164.166, 164.166, 164.166, 164.166, 164.166, 164.166, 164.166, 164.166, 164.166, 172.025, 164.166, 164.166, 164.165, 164.165, 164.166, 164.166, 164.166,
 35728.047, 174.471, 169.711, 165.552, 164.187, 164.191, 164.192, 164.193, 164.194, 164.194, 164.195, 164.195, 164.195, 164.195, 164.195, 164.196, 164.196, 164.196, 164.197, 164.197, 164.197, 164.197, 164.197, 164.197, 164.197, 164.197, 164.197, 164.197, 164.197, 164.197, 164.198, 172.025, 164.197, 164.197, 164.197, 164.197, 164.197, 164.197, 164.197,
 35729.047, 174.471, 169.711, 165.552, 164.264, 164.269, 164.270, 164.271, 164.272, 164.273, 164.273, 164.273, 164.273, 164.273, 164.274, 164.274, 164.274, 164.275, 164.275, 164.275, 164.275, 164.275, 164.276, 164.276, 164.276, 164.275, 164.275, 164.276, 164.276, 164.276, 164.276, 172.025, 164.276, 164.275, 164.275, 164.275, 164.275, 164.275, 164.275,
 35730.044, 174.471, 169.711, 164.823, 164.353, 164.369, 164.371, 164.373, 164.374, 164.374, 164.374, 164.374, 164.374, 164.374, 164.374, 164.375, 164.375, 164.375, 164.375, 164.376, 164.376, 164.376, 164.376, 164.376, 164.376, 164.376, 164.376, 164.376, 164.376, 164.376, 164.376, 172.025, 164.376, 164.376, 164.376, 164.376, 164.376, 164.376, 164.376,
 35731.044, 174.471, 169.711, 164.767, 164.421, 164.433, 164.434, 164.436, 164.437, 164.437, 164.438, 164.438, 164.438, 164.438, 164.438, 164.438, 164.439, 164.439, 164.439, 164.439, 164.440, 164.440, 164.440, 164.440, 164.440, 164.440, 164.440, 164.440, 164.440, 164.440, 164.440, 172.025, 164.440, 164.440, 164.440, 164.440, 164.440, 164.440, 164.440,
 35732.044, 174.471, 169.711, 164.769, 164.453, 164.465, 164.466, 164.467, 164.468, 164.468, 164.469, 164.469, 164.469, 164.469, 164.469, 164.469, 164.470, 164.470, 164.470, 164.470, 164.471, 164.471, 164.471, 164.471, 164.471, 164.471, 164.471, 164.471, 164.471, 164.471, 164.471, 172.025, 164.471, 164.471, 164.471, 164.471, 164.471, 164.471, 164.471,
 35733.044, 174.471, 169.711, 164.854, 164.501, 164.514, 164.515, 164.517, 164.518, 164.518, 164.518, 164.518, 164.518, 164.519, 164.519, 164.519, 164.519, 164.519, 164.520, 164.520, 164.520, 164.520, 164.520, 164.520, 164.520, 164.520, 164.520, 164.520, 164.520, 164.520, 164.520, 172.025, 164.520, 164.520, 164.520, 164.520, 164.520, 164.520, 164.520,
 35734.044, 174.471, 169.711, 164.789, 164.553, 164.563, 164.565, 164.566, 164.567, 164.567, 164.568, 164.568, 164.568, 164.568, 164.568, 164.569, 164.569, 164.569, 164.570, 164.570, 164.570, 164.570, 164.570, 164.570, 164.570, 164.570, 164.570, 164.570, 164.570, 164.570, 164.570, 172.025, 164.570, 164.570, 164.570, 164.570, 164.570, 164.570, 164.570,
 35735.045, 174.471, 169.711, 164.734, 164.582, 164.589, 164.590, 164.592, 164.592, 164.593, 164.593, 164.593, 164.593, 164.593, 164.593, 164.594, 164.594, 164.594, 164.594, 164.595, 164.595, 164.595, 164.595, 164.595, 164.595, 164.595, 164.595, 164.595, 164.595, 164.595, 164.595, 172.025, 164.595, 164.595, 164.595, 164.595, 164.595, 164.595, 164.595,
 35736.045, 174.471, 169.711, 164.721, 164.604, 164.610, 164.611, 164.612, 164.613, 164.613, 164.613, 164.613, 164.614, 164.614, 164.614, 164.614, 164.614, 164.614, 164.615, 164.615, 164.615, 164.615, 164.615, 164.615, 164.615, 164.615, 164.615, 164.615, 164.615, 164.615, 164.615, 172.025, 164.615, 164.615, 164.615, 164.615, 164.615, 164.615, 164.615,
 35737.045, 174.471, 169.711, 164.744, 164.627, 164.633, 164.634, 164.635, 164.636, 164.636, 164.636, 164.636, 164.637, 164.637, 164.637, 164.637, 164.637, 164.638, 164.638, 164.638, 164.638, 164.638, 164.638, 164.638, 164.638, 164.638, 164.638, 164.638, 164.638, 164.638, 164.639, 172.025, 164.638, 164.638, 164.638, 164.638, 164.638, 164.638, 164.638,
 35738.045, 174.471, 169.711, 164.748, 164.639, 164.644, 164.645, 164.646, 164.646, 164.646, 164.646, 164.646, 164.647, 164.647, 164.647, 164.647, 164.647, 164.647, 164.648, 164.648, 164.648, 164.648, 164.648, 164.648, 164.648, 164.648, 164.648, 164.648, 164.648, 164.648, 164.648, 172.025, 164.648, 164.648, 164.648, 164.648, 164.648, 164.648, 164.648,
 35739.044, 174.471, 169.711, 164.869, 164.668, 164.678, 164.680, 164.681, 164.682, 164.682, 164.682, 164.682, 164.683, 164.683, 164.683, 164.683, 164.683, 164.683, 164.684, 164.684, 164.684, 164.684, 164.684, 164.684, 164.684, 164.684, 164.684, 164.684, 164.684, 164.684, 164.684, 172.025, 164.684, 164.684, 164.684, 164.684, 164.684, 164.684, 164.684,
 35740.046, 174.471, 169.711, 164.773, 164.696, 164.700, 164.702, 164.703, 164.704, 164.704, 164.705, 164.705, 164.705, 164.705, 164.705, 164.706, 164.706, 164.706, 164.706, 164.706, 164.706, 164.707, 164.707, 164.707, 164.707, 164.707, 164.707, 164.707, 164.707, 164.707, 164.707, 172.025, 164.707, 164.707, 164.706, 164.706, 164.707, 164.706, 164.707,
 35741.047, 174.471, 169.711, 164.696, 164.655, 164.658, 164.660, 164.661, 164.662, 164.662, 164.663, 164.663, 164.663, 164.663, 164.663, 164.664, 164.664, 164.664, 164.664, 164.664, 164.665, 164.665, 164.665, 164.665, 164.665, 164.665, 164.665, 164.665, 164.665, 164.665, 164.665, 172.025, 164.665, 164.665, 164.664, 164.665, 164.665, 164.665, 164.665,
 35742.047, 174.471, 169.711, 164.667, 164.601, 164.604, 164.606, 164.607, 164.607, 164.607, 164.608, 164.608, 164.608, 164.608, 164.608, 164.608, 164.608, 164.609, 164.609, 164.609, 164.609, 164.609, 164.609, 164.609, 164.609, 164.609, 164.609, 164.609, 164.609, 164.609, 164.609, 172.025, 164.609, 164.609, 164.609, 164.609, 164.609, 164.609, 164.609,
 35743.047, 174.471, 169.711, 164.631, 164.562, 164.565, 164.566, 164.567, 164.567, 164.567, 164.567, 164.567, 164.568, 164.568, 164.568, 164.568, 164.568, 164.568, 164.568, 164.569, 164.569, 164.569, 164.569, 164.569, 164.569, 164.569, 164.569, 164.569, 164.569, 164.569, 164.569, 172.025, 164.569, 164.569, 164.569, 164.569, 164.569, 164.569, 164.569,
 35744.046, 174.471, 169.711, 164.645, 164.537, 164.541, 164.542, 164.543, 164.543, 164.543, 164.544, 164.544, 164.544, 164.544, 164.544, 164.544, 164.544, 164.545, 164.545, 164.545, 164.545, 164.545, 164.545, 164.545, 164.545, 164.545, 164.545, 164.545, 164.545, 164.545, 164.545, 172.025, 164.545, 164.545, 164.545, 164.545, 164.545, 164.545, 164.545,
 35745.044, 174.471, 169.711, 164.769, 164.550, 164.560, 164.561, 164.562, 164.563, 164.563, 164.563, 164.564, 164.564, 164.564, 164.564, 164.564, 164.564, 164.565, 164.565, 164.565, 164.565, 164.565, 164.565, 164.565, 164.565, 164.565, 164.565, 164.565, 164.565, 164.565, 164.565, 172.025, 164.565, 164.565, 164.565, 164.565, 164.565, 164.565, 164.565,
 35746.045, 174.471, 169.711, 164.723, 164.582, 164.589, 164.590, 164.592, 164.592, 164.593, 164.593, 164.593, 164.594, 164.594, 164.594, 164.594, 164.594, 164.595, 164.595, 164.595, 164.595, 164.595, 164.595, 164.595, 164.595, 164.595, 164.595, 164.595, 164.595, 164.595, 164.596, 172.025, 164.595, 164.595, 164.595, 164.595, 164.595, 164.595, 164.595,
 35747.045, 174.471, 169.711, 164.729, 164.596, 164.602, 164.603, 164.604, 164.605, 164.605, 164.606, 164.606, 164.606, 164.606, 164.606, 164.606, 164.607, 164.607, 164.607, 164.607, 164.607, 164.607, 164.607, 164.607, 164.607, 164.607, 164.607, 164.607, 164.607, 164.607, 164.607, 172.025, 164.607, 164.607, 164.607, 164.607, 164.607, 164.607, 164.607,
 35748.045, 174.471, 169.711, 164.731, 164.606, 164.612, 164.613, 164.614, 164.615, 164.615, 164.615, 164.616, 164.616, 164.616, 164.616, 164.616, 164.616, 164.617, 164.617, 164.617, 164.617, 164.617, 164.617, 164.617, 164.617, 164.617, 164.617, 164.617, 164.617, 164.617, 164.617, 172.025, 164.617, 164.617, 164.617, 164.617, 164.617, 164.617, 164.617,
 35749.045, 174.471, 169.711, 164.758, 164.627, 164.633, 164.634, 164.635, 164.636, 164.636, 164.636, 164.636, 164.636, 164.636, 164.636, 164.636, 164.636, 164.637, 164.637, 164.637, 164.637, 164.637, 164.637, 164.637, 164.637, 164.637, 164.637, 164.637, 164.637, 164.637, 164.637, 172.025, 164.637, 164.637, 164.637, 164.637, 164.637, 164.637, 164.637,
 35750.046, 174.471, 169.711, 164.743, 164.650, 164.654, 164.655, 164.656, 164.657, 164.657, 164.657, 164.657, 164.657, 164.657, 164.657, 164.657, 164.657, 164.658, 164.658, 164.658, 164.658, 164.658, 164.658, 164.658, 164.658, 164.658, 164.658, 164.658, 164.658, 164.658, 164.658, 172.025, 164.658, 164.658, 164.658, 164.658, 164.658, 164.658, 164.658,
 35751.045, 174.471, 169.711, 164.830, 164.688, 164.696, 164.697, 164.699, 164.699, 164.699, 164.699, 164.699, 164.700, 164.700, 164.700, 164.700, 164.700, 164.700, 164.700, 164.700, 164.701, 164.701, 164.700, 164.700, 164.700, 164.700, 164.700, 164.700, 164.700, 164.700, 164.700, 172.025, 164.700, 164.700, 164.700, 164.700, 164.700, 164.700, 164.700,
 35752.045, 174.471, 169.711, 164.825, 164.740, 164.745, 164.746, 164.748, 164.748, 164.749, 164.749, 164.749, 164.749, 164.749, 164.750, 164.750, 164.750, 164.750, 164.750, 164.750, 164.751, 164.751, 164.751, 164.751, 164.751, 164.751, 164.751, 164.751, 164.751, 164.751, 164.751, 172.025, 164.751, 164.751, 164.750, 164.751, 164.751, 164.751, 164.751,
 35753.046, 174.471, 169.711, 164.840, 164.771, 164.776, 164.777, 164.778, 164.779, 164.779, 164.780, 164.780, 164.780, 164.780, 164.780, 164.780, 164.780, 164.780, 164.781, 164.781, 164.781, 164.781, 164.781, 164.781, 164.781, 164.781, 164.781, 164.781, 164.781, 164.781, 164.781, 172.025, 164.781, 164.781, 164.781, 164.781, 164.781, 164.781, 164.781,
 35754.045, 174.471, 169.711, 164.932, 164.837, 164.844, 164.845, 164.847, 164.847, 164.848, 164.848, 164.848, 164.848, 164.848, 164.849, 164.849, 164.849, 164.849, 164.849, 164.849, 164.849, 164.850, 164.850, 164.850, 164.850, 164.850, 164.850, 164.850, 164.850, 164.850, 164.850, 172.025, 164.850, 164.849, 164.849, 164.850, 164.850, 164.850, 164.850,
 35755.046, 174.471, 169.711, 164.985, 164.941, 164.945, 164.946, 164.948, 164.948, 164.948, 164.949, 164.949, 164.949, 164.949, 164.949, 164.949, 164.949, 164.950, 164.950, 164.950, 164.950, 164.950, 164.950, 164.950, 164.950, 164.950, 164.950, 164.950, 164.950, 164.950, 164.950, 172.025, 164.950, 164.950, 164.950, 164.950, 164.950, 164.950, 164.950,
 35756.047, 174.471, 169.711, 165.054, 165.029, 165.032, 165.033, 165.034, 165.035, 165.035, 165.035, 165.035, 165.035, 165.036, 165.036, 165.036, 165.036, 165.036, 165.036, 165.036, 165.037, 165.037, 165.037, 165.037, 165.037, 165.037, 165.037, 165.037, 165.037, 165.037, 165.037, 172.025, 165.037, 165.037, 165.037, 165.037, 165.037, 165.037, 165.037,
 35757.047, 174.471, 169.711, 165.119, 165.102, 165.105, 165.106, 165.107, 165.107, 165.107, 165.108, 165.108, 165.108, 165.108, 165.108, 165.108, 165.108, 165.108, 165.109, 165.109, 165.109, 165.109, 165.109, 165.109, 165.109, 165.109, 165.109, 165.109, 165.109, 165.109, 165.109, 172.025, 165.109, 165.109, 165.109, 165.109, 165.109, 165.109, 165.109,
 35758.047, 174.471, 169.711, 165.160, 165.147, 165.149, 165.150, 165.151, 165.152, 165.152, 165.152, 165.152, 165.152, 165.152, 165.153, 165.153, 165.153, 165.153, 165.153, 165.153, 165.153, 165.153, 165.154, 165.154, 165.154, 165.154, 165.154, 165.154, 165.154, 165.154, 165.154, 172.025, 165.154, 165.153, 165.153, 165.153, 165.153, 165.153, 165.154,
 35759.047, 174.471, 169.711, 165.167, 165.156, 165.158, 165.159, 165.160, 165.160, 165.161, 165.161, 165.161, 165.161, 165.161, 165.161, 165.162, 165.162, 165.162, 165.162, 165.162, 165.162, 165.162, 165.162, 165.162, 165.162, 165.162, 165.162, 165.162, 165.162, 165.162, 165.162, 172.025, 165.162, 165.162, 165.162, 165.162, 165.162, 165.162, 165.162,
 35760.047, 174.471, 169.711, 165.199, 165.184, 165.186, 165.187, 165.188, 165.188, 165.188, 165.189, 165.189, 165.189, 165.189, 165.189, 165.189, 165.189, 165.190, 165.190, 165.190, 165.190, 165.190, 165.190, 165.190, 165.190, 165.190, 165.190, 165.190, 165.190, 165.190, 165.190, 172.025, 165.190, 165.190, 165.190, 165.190, 165.190, 165.190, 165.190,
 35761.046, 174.471, 169.711, 165.317, 165.292, 165.297, 165.299, 165.300, 165.300, 165.301, 165.301, 165.301, 165.301, 165.301, 165.301, 165.301, 165.302, 165.302, 165.302, 165.302, 165.302, 165.302, 165.302, 165.302, 165.302, 165.302, 165.302, 165.302, 165.302, 165.302, 165.302, 172.025, 165.302, 165.302, 165.302, 165.302, 165.302, 165.302, 165.302,
 35762.047, 174.471, 169.711, 165.410, 165.414, 165.416, 165.418, 165.419, 165.419, 165.420, 165.420, 165.420, 165.420, 165.421, 165.421, 165.421, 165.421, 165.421, 165.421, 165.422, 165.422, 165.422, 165.422, 165.422, 165.422, 165.422, 165.422, 165.422, 165.422, 165.422, 165.422, 172.025, 165.422, 165.422, 165.422, 165.422, 165.422, 165.422, 165.422,
 35763.045, 174.471, 169.711, 165.530, 165.509, 165.512, 165.514, 165.515, 165.516, 165.516, 165.516, 165.516, 165.517, 165.517, 165.517, 165.517, 165.517, 165.517, 165.518, 165.518, 165.518, 165.518, 165.518, 165.518, 165.518, 165.518, 165.518, 165.518, 165.518, 165.518, 165.518, 172.025, 165.518, 165.518, 165.518, 165.518, 165.518, 165.518, 165.518,
 35764.045, 174.471, 169.711, 165.644, 165.630, 165.633, 165.635, 165.636, 165.637, 165.637, 165.637, 165.637, 165.638, 165.638, 165.638, 165.638, 165.638, 165.638, 165.639, 165.639, 165.639, 165.639, 165.639, 165.639, 165.639, 165.639, 165.639, 165.639, 165.639, 165.639, 165.639, 172.025, 165.639, 165.639, 165.639, 165.639, 165.639, 165.639, 165.639,
 35765.047, 174.471, 169.711, 165.713, 165.709, 165.711, 165.713, 165.714, 165.715, 165.715, 165.715, 165.716, 165.716, 165.716, 165.716, 165.716, 165.716, 165.717, 165.717, 165.717, 165.717, 165.717, 165.717, 165.717, 165.717, 165.717, 165.717, 165.717, 165.717, 165.717, 165.717, 172.025, 165.717, 165.717, 165.717, 165.717, 165.717, 165.717, 165.717,
 35766.045, 174.471, 169.711, 165.742, 165.739, 165.740, 165.742, 165.742, 165.743, 165.743, 165.743, 165.743, 165.744, 165.744, 165.744, 165.744, 165.744, 165.744, 165.744, 165.744, 165.745, 165.745, 165.745, 165.745, 165.745, 165.745, 165.745, 165.745, 165.745, 165.745, 165.745, 172.025, 165.745, 165.745, 165.744, 165.745, 165.745, 165.744, 165.745,
 35767.043, 174.471, 169.711, 165.758, 165.755, 165.756, 165.758, 165.758, 165.759, 165.759, 165.759, 165.759, 165.760, 165.760, 165.760, 165.760, 165.760, 165.760, 165.760, 165.760, 165.760, 165.760, 165.761, 165.760, 165.760, 165.760, 165.760, 165.760, 165.760, 165.760, 165.760, 172.025, 165.760, 165.760, 165.760, 165.760, 165.760, 165.760, 165.760,
 35768.043, 174.471, 169.711, 165.745, 165.744, 165.744, 165.745, 165.746, 165.746, 165.746, 165.746, 165.746, 165.747, 165.747, 165.747, 165.747, 165.747, 165.747, 165.747, 165.747, 165.747, 165.747, 165.747, 165.747, 165.747, 165.747, 165.747, 165.747, 165.747, 165.747, 165.747, 172.025, 165.747, 165.747, 165.747, 165.747, 165.747, 165.747, 165.747,
 35769.042, 174.471, 169.711, 165.716, 165.715, 165.716, 165.718, 165.718, 165.719, 165.719, 165.719, 165.719, 165.720, 165.720, 165.720, 165.720, 165.720, 165.720, 165.720, 165.721, 165.721, 165.721, 165.721, 165.721, 165.721, 165.721, 165.721, 165.721, 165.721, 165.721, 165.721, 172.025, 165.721, 165.721, 165.720, 165.721, 165.721, 165.720, 165.721,
 35770.042, 174.471, 169.711, 165.692, 165.691, 165.692, 165.693, 165.694, 165.694, 165.694, 165.695, 165.695, 165.695, 165.695, 165.695, 165.695, 165.695, 165.696, 165.696, 165.696, 165.696, 165.696, 165.696, 165.696, 165.696, 165.696, 165.696, 165.696, 165.696, 165.696, 165.696, 172.025, 165.696, 165.696, 165.696, 165.696, 165.696, 165.696, 165.696,
 35771.043, 174.471, 169.711, 165.674, 165.672, 165.673, 165.675, 165.675, 165.676, 165.676, 165.676, 165.676, 165.676, 165.676, 165.677, 165.677, 165.677, 165.677, 165.677, 165.677, 165.677, 165.678, 165.678, 165.678, 165.678, 165.678, 165.678, 165.678, 165.678, 165.678, 165.678, 172.025, 165.677, 165.677, 165.677, 165.677, 165.678, 165.677, 165.677,
 35772.043, 174.471, 169.711, 165.649, 165.648, 165.648, 165.650, 165.650, 165.651, 165.651, 165.651, 165.651, 165.651, 165.651, 165.651, 165.652, 165.652, 165.652, 165.652, 165.652, 165.652, 165.652, 165.652, 165.652, 165.652, 165.652, 165.652, 165.652, 165.652, 165.652, 165.652, 172.025, 165.652, 165.652, 165.652, 165.652, 165.652, 165.652, 165.652,
 35773.043, 174.471, 169.711, 165.621, 165.619, 165.620, 165.622, 165.622, 165.623, 165.623, 165.623, 165.623, 165.623, 165.623, 165.624, 165.624, 165.624, 165.624, 165.624, 165.624, 165.624, 165.624, 165.624, 165.624, 165.624, 165.624, 165.624, 165.624, 165.625, 165.625, 165.625, 172.025, 165.624, 165.624, 165.624, 165.624, 165.624, 165.624, 165.624,
 35774.042, 174.471, 169.711, 165.601, 165.599, 165.600, 165.601, 165.602, 165.602, 165.603, 165.603, 165.603, 165.603, 165.603, 165.603, 165.603, 165.604, 165.604, 165.604, 165.604, 165.604, 165.604, 165.604, 165.604, 165.604, 165.604, 165.604, 165.604, 165.604, 165.604, 165.604, 172.025, 165.604, 165.604, 165.604, 165.604, 165.604, 165.604, 165.604,
 35775.043, 174.471, 169.711, 165.595, 165.590, 165.592, 165.593, 165.594, 165.594, 165.595, 165.595, 165.595, 165.595, 165.595, 165.595, 165.595, 165.596, 165.596, 165.596, 165.596, 165.596, 165.596, 165.596, 165.596, 165.596, 165.596, 165.596, 165.596, 165.596, 165.596, 165.596, 172.025, 165.596, 165.596, 165.596, 165.596, 165.596, 165.596, 165.596,
 35776.042, 174.471, 169.711, 165.586, 165.583, 165.584, 165.586, 165.587, 165.587, 165.588, 165.588, 165.588, 165.588, 165.588, 165.588, 165.589, 165.589, 165.589, 165.589, 165.589, 165.589, 165.589, 165.590, 165.590, 165.590, 165.590, 165.590, 165.590, 165.590, 165.590, 165.590, 172.025, 165.589, 165.589, 165.589, 165.589, 165.590, 165.589, 165.590,
 35777.043, 174.471, 169.711, 165.585, 165.581, 165.583, 165.584, 165.585, 165.585, 165.586, 165.586, 165.586, 165.586, 165.586, 165.586, 165.587, 165.587, 165.587, 165.587, 165.587, 165.587, 165.587, 165.587, 165.587, 165.587, 165.587, 165.587, 165.587, 165.587, 165.588, 165.588, 172.025, 165.587, 165.587, 165.587, 165.587, 165.587, 165.587, 165.587,
 35778.042, 174.471, 169.711, 165.586, 165.583, 165.584, 165.585, 165.586, 165.586, 165.587, 165.587, 165.587, 165.587, 165.587, 165.587, 165.587, 165.588, 165.588, 165.588, 165.588, 165.588, 165.588, 165.588, 165.588, 165.588, 165.588, 165.588, 165.588, 165.588, 165.588, 165.588, 172.025, 165.588, 165.588, 165.588, 165.588, 165.588, 165.588, 165.588,
 35779.042, 174.471, 169.711, 165.586, 165.583, 165.583, 165.585, 165.585, 165.585, 165.586, 165.586, 165.586, 165.586, 165.586, 165.586, 165.587, 165.587, 165.587, 165.587, 165.587, 165.587, 165.587, 165.587, 165.587, 165.587, 165.587, 165.587, 165.587, 165.587, 165.587, 165.587, 172.025, 165.587, 165.587, 165.587, 165.587, 165.587, 165.587, 165.587,
 35780.042, 174.471, 169.711, 165.595, 165.591, 165.592, 165.594, 165.595, 165.595, 165.595, 165.596, 165.596, 165.596, 165.596, 165.597, 165.597, 165.597, 165.597, 165.597, 165.597, 165.597, 165.598, 165.598, 165.598, 165.598, 165.598, 165.598, 165.598, 165.598, 165.598, 165.598, 172.025, 165.597, 165.597, 165.597, 165.598, 165.598, 165.597, 165.598,
 35781.042, 174.471, 169.711, 165.606, 165.602, 165.603, 165.605, 165.605, 165.606, 165.606, 165.606, 165.606, 165.607, 165.607, 165.607, 165.607, 165.607, 165.607, 165.607, 165.607, 165.607, 165.607, 165.608, 165.608, 165.608, 165.608, 165.608, 165.608, 165.608, 165.608, 165.608, 172.025, 165.607, 165.607, 165.607, 165.607, 165.607, 165.607, 165.607,
 35782.043, 174.471, 169.711, 165.609, 165.605, 165.607, 165.608, 165.609, 165.609, 165.609, 165.610, 165.610, 165.610, 165.610, 165.610, 165.610, 165.610, 165.610, 165.611, 165.611, 165.611, 165.611, 165.611, 165.611, 165.611, 165.611, 165.611, 165.611, 165.611, 165.611, 165.611, 172.025, 165.611, 165.611, 165.611, 165.611, 165.611, 165.611, 165.611,
 35783.043, 174.471, 169.711, 165.618, 165.614, 165.615, 165.616, 165.617, 165.617, 165.617, 165.617, 165.617, 165.618, 165.618, 165.618, 165.618, 165.618, 165.618, 165.618, 165.618, 165.618, 165.618, 165.618, 165.619, 165.619, 165.619, 165.619, 165.619, 165.618, 165.618, 165.618, 172.025, 165.618, 165.618, 165.618, 165.619, 165.619, 165.618, 165.618,
 35784.042, 174.471, 169.711, 165.617, 165.614, 165.615, 165.616, 165.617, 165.617, 165.617, 165.617, 165.617, 165.618, 165.618, 165.618, 165.618, 165.618, 165.618, 165.618, 165.618, 165.618, 165.618, 165.618, 165.618, 165.618, 165.618, 165.618, 165.618, 165.618, 165.618, 165.618, 172.025, 165.618, 165.618, 165.618, 165.618, 165.618, 165.618, 165.618,
 35785.042, 174.471, 169.711, 165.611, 165.608, 165.609, 165.610, 165.611, 165.611, 165.611, 165.611, 165.612, 165.612, 165.612, 165.612, 165.612, 165.612, 165.612, 165.612, 165.613, 165.613, 165.613, 165.613, 165.613, 165.613, 165.613, 165.613, 165.613, 165.613, 165.613, 165.613, 172.025, 165.613, 165.613, 165.612, 165.613, 165.613, 165.613, 165.613,
 35786.042, 174.471, 169.711, 165.607, 165.604, 165.604, 165.606, 165.606, 165.606, 165.607, 165.607, 165.607, 165.607, 165.607, 165.607, 165.607, 165.608, 165.608, 165.608, 165.608, 165.608, 165.608, 165.608, 165.608, 165.608, 165.608, 165.608, 165.608, 165.608, 165.608, 165.608, 172.025, 165.608, 165.608, 165.608, 165.608, 165.608, 165.608, 165.608,
 35787.042, 174.471, 169.711, 165.612, 165.608, 165.609, 165.610, 165.611, 165.611, 165.612, 165.612, 165.612, 165.612, 165.612, 165.612, 165.613, 165.613, 165.613, 165.613, 165.613, 165.613, 165.613, 165.613, 165.613, 165.613, 165.613, 165.613, 165.613, 165.613, 165.613, 165.613, 172.025, 165.613, 165.613, 165.613, 165.613, 165.613, 165.613, 165.613,
 35788.042, 174.471, 169.711, 165.619, 165.616, 165.616, 165.617, 165.618, 165.618, 165.618, 165.618, 165.618, 165.619, 165.619, 165.619, 165.619, 165.619, 165.619, 165.619, 165.619, 165.619, 165.619, 165.619, 165.619, 165.619, 165.619, 165.619, 165.619, 165.619, 165.619, 165.619, 172.025, 165.619, 165.619, 165.619, 165.619, 165.619, 165.619, 165.619,
 35789.042, 174.471, 169.711, 165.615, 165.612, 165.613, 165.614, 165.614, 165.615, 165.615, 165.615, 165.615, 165.616, 165.616, 165.616, 165.616, 165.616, 165.616, 165.616, 165.616, 165.616, 165.616, 165.616, 165.616, 165.616, 165.616, 165.616, 165.616, 165.616, 165.616, 165.616, 172.025, 165.616, 165.616, 165.616, 165.616, 165.616, 165.616, 165.616,
 35790.043, 174.471, 169.711, 165.616, 165.613, 165.614, 165.615, 165.616, 165.616, 165.616, 165.617, 165.617, 165.617, 165.617, 165.617, 165.617, 165.617, 165.617, 165.617, 165.617, 165.618, 165.618, 165.618, 165.618, 165.618, 165.618, 165.618, 165.618, 165.618, 165.618, 165.618, 172.025, 165.618, 165.618, 165.617, 165.618, 165.618, 165.618, 165.618,
 35791.042, 174.471, 169.711, 165.631, 165.626, 165.627, 165.628, 165.629, 165.629, 165.630, 165.630, 165.630, 165.630, 165.630, 165.630, 165.630, 165.630, 165.630, 165.631, 165.631, 165.631, 165.631, 165.631, 165.631, 165.631, 165.631, 165.631, 165.631, 165.631, 165.631, 165.631, 172.025, 165.631, 165.631, 165.631, 165.631, 165.631, 165.631, 165.631,
 35792.043, 174.471, 169.711, 165.650, 165.646, 165.647, 165.648, 165.649, 165.649, 165.650, 165.650, 165.650, 165.650, 165.650, 165.650, 165.650, 165.650, 165.651, 165.651, 165.651, 165.651, 165.651, 165.651, 165.651, 165.651, 165.651, 165.651, 165.651, 165.651, 165.651, 165.651, 172.025, 165.651, 165.651, 165.651, 165.651, 165.651, 165.651, 165.651,
 35793.047, 174.471, 169.711, 165.666, 165.663, 165.665, 165.666, 165.667, 165.667, 165.668, 165.668, 165.668, 165.668, 165.668, 165.668, 165.668, 165.669, 165.669, 165.669, 165.669, 165.669, 165.669, 165.669, 165.669, 165.669, 165.669, 165.669, 165.669, 165.670, 165.670, 165.670, 172.025, 165.669, 165.669, 165.669, 165.669, 165.669, 165.669, 165.669,
