Date,SPL_OUT (cfs),FKC_OUT (cfs),MC_OUT (cfs),SJR_OUT_Scenario_B (cfs),M_IN (cfs),MIL_EVAP (cfs),Modified_Storage_AF,Modified_WSElevation_ft,SPL_OUT_OBSERVED,Observed_Storage_AF,SJR_OUT_OBSERVED,,,
1/1/2023,0,1995,105,640,1909.00,5.52,"354,724",540.73,0,354724.00,640,0,,
1/2/2023,0,2059,105,650,1849.00,4.96,"352,800",540.28,0,352799.00,650,0,,
1/3/2023,0,2198,128,650,1716.00,8.23,"350,285",539.60,0,350290.00,650,0,,
1/4/2023,0,2333,162,649,342.00,9.41,"344,708",538.16,0,344716.00,649,0,,
1/5/2023,0,2371,170,648,669.00,6.71,"339,697",536.86,0,339699.00,648,0,,
1/6/2023,0,2400,170,646,657.00,0.64,"334,620",535.51,0,334610.00,646,0,,
1/7/2023,0,2409,167,647,605.00,4.59,"329,418",534.20,0,329416.00,647,0,,
1/8/2023,0,2381,165,650,891.00,7.04,"324,832",532.97,0,324835.00,650,0,,
1/9/2023,0,2375,164,652,1076.00,12.67,"320,612",531.83,0,320626.00,652,0,,
1/10/2023,0,2243,163,652,631.00,0.82,"315,796",530.52,0,315787.00,652,0,,
1/11/2023,0,2207,151,651,491.00,7.55,"310,787",529.18,0,310791.00,651,0,,
1/12/2023,0,1721,145,650,703.00,9.07,"307,173",528.19,0,307180.00,650,0,,
1/13/2023,0,1544,142,650,1067.00,0.91,"304,654",527.45,0,304645.00,650,0,,
1/14/2023,0,1301,142,649,1075.00,2.09,"302,633",526.92,0,302626.00,649,0,,
1/15/2023,0,1090,141,649,903.00,4.90,"300,685",526.35,0,300684.00,649,0,,
1/16/2023,0,1044,141,648,883.00,13.99,"298,773",525.85,0,298790.00,648,0,,
1/17/2023,0,1191,137,649,965.00,5.81,"296,754",525.32,0,296755.00,649,0,,
1/18/2023,0,1149,135,649,813.00,10.93,"294,511",524.64,0,294522.00,649,0,,
1/19/2023,0,1213,141,647,872.00,3.03,"292,266",524.03,0,292261.00,647,0,,
1/20/2023,0,1224,149,649,872.00,2.30,"289,980",523.34,0,289974.00,649,0,,
1/21/2023,0,957,148,650,753.00,9.33,"287,974",522.80,0,287982.00,650,0,,
1/22/2023,0,746,148,650,849.00,10.08,"286,576",522.37,0,286585.00,650,0,,
1/23/2023,0,649,148,650,722.00,6.99,"285,124",522.00,0,285127.00,650,0,,
1/24/2023,0,713,148,649,853.00,8.13,"283,805",521.59,0,283810.00,649,0,,
1/25/2023,0,758,148,648,882.00,18.82,"282,434",521.24,0,282461.00,648,0,,
1/26/2023,0,698,149,637,861.00,10.89,"281,177",520.85,0,281188.00,637,0,,
1/27/2023,0,652,121,592,543.00,16.65,"279,514",520.33,0,279536.00,592,0,,
1/28/2023,0,599,19,556,569.00,10.15,"278,294",520.02,0,278303.00,556,0,,
1/29/2023,0,554,0,525,830.00,10.72,"277,778",519.86,0,277789.00,525,0,,
1/30/2023,0,636,0,495,935.00,2.07,"277,386",519.74,0,277379.00,495,0,,
1/31/2023,0,731,0,472,1015.00,6.93,"276,999",519.62,0,277002.00,472,0,,
2/1/2023,0,780,0,451,1428.00,7.72,"277,374",519.74,0,277379.00,451,431,,
2/2/2023,0,796,0,446,1405.00,8.44,"277,681",519.83,0,277687.00,446,343,,
2/3/2023,0,766,0,446,1531.00,11.22,"278,291",520.02,0,278303.00,446,340,,
2/4/2023,0,686,0,446,936.00,6.50,"277,890",519.90,0,277892.00,446,305,,
2/5/2023,0,614,0,447,947.00,11.08,"277,642",519.82,0,277653.00,447,256,,
2/6/2023,0,593,0,446,981.00,10.50,"277,506",519.78,0,277516.00,446,209,,
2/7/2023,0,865,0,414,806.00,19.13,"276,530",519.47,0,276557.00,414,158,,
2/8/2023,0,987,0,395,782.00,20.44,"275,299",519.13,0,275329.00,395,139,,
2/9/2023,0,907,0,385,353.00,24.19,"273,389",518.53,0,273426.00,385,139,,
2/10/2023,0,850,0,387,272.00,15.26,"271,444",517.99,0,271464.00,387,138,,
2/11/2023,0,683,0,387,269.00,23.82,"269,808",517.47,0,269845.00,387,108,,
2/12/2023,0,535,0,387,606.00,22.17,"269,137",517.34,0,269171.00,387,89,,
2/13/2023,0,642,0,387,1153.00,11.36,"269,361",517.33,0,269373.00,387,89,,
2/14/2023,0,781,0,387,774.00,10.26,"268,559",517.15,0,268569.00,387,88,,
2/15/2023,0,903,0,395,431.00,10.55,"266,818",516.59,0,266829.00,395,-62,,
2/16/2023,0,1055,0,400,976.00,25.24,"265,818",516.35,0,265858.00,400,-61,,
2/17/2023,0,980,0,400,1439.00,18.80,"265,898",516.30,0,265925.00,400,-60,,
2/18/2023,0,881,0,400,1688.00,21.86,"266,662",516.54,0,266695.00,400,-61,,
2/19/2023,0,770,0,400,1816.00,8.25,"267,927",516.95,0,267933.00,400,-61,,
2/20/2023,0,895,0,400,1455.00,11.54,"268,221",517.04,0,268234.00,400,-92,,
2/21/2023,0,1048,0,400,1274.00,8.42,"267,860",516.93,0,267866.00,400,-109,,
2/22/2023,0,1227,0,400,1585.00,11.40,"267,754",516.89,0,267766.00,400,-129,,
2/23/2023,0,1352,0,421,1919.00,14.08,"268,015",516.98,0,268033.00,421,-129,,
2/24/2023,0,1325,0,903,1871.00,13.76,"267,280",516.74,0,267297.00,903,-129,,
2/25/2023,0,945,0,1003,1810.00,-384.42,"267,769",516.90,0,266996.00,1003,-129,,
2/26/2023,0,986,0,400,1626.00,36.60,"268,172",517.03,0,268234.00,400,-129,,
2/27/2023,0,532,0,499,1422.00,20.20,"268,908",517.26,0,268937.00,499,-130,,
2/28/2023,0,227,0,574,1041.00,6.61,"269,371",517.33,0,269373.00,574,-130,,
3/1/2023,0,72,0,648,1016.00,60.45,"269,838",517.48,0,269947.00,648,-169,,
3/2/2023,0,72,0,648,1154.00,18.69,"270,661",517.74,0,270688.00,648,-319,,
3/3/2023,0,77,0,681,1542.00,7.33,"272,202",518.23,0,272206.00,681,-319,,
3/4/2023,0,58,0,701,545.00,2.69,"271,772",518.09,0,271767.00,701,-319,,
3/5/2023,0,68,0,667,1078.00,22.66,"272,408",518.30,0,272442.00,667,-319,,
3/6/2023,0,49,0,651,1613.00,15.08,"274,189",518.78,0,274208.00,651,-319,,
3/7/2023,0,105,0,642,1722.00,18.53,"276,086",519.33,0,276112.00,642,-319,,
3/8/2023,0,64,0,631,1680.00,26.88,"277,986",519.93,0,278029.00,631,493,,
3/9/2023,0,106,0,631,1628.00,5.55,"279,742",520.40,0,279743.00,631,1724,,
3/10/2023,0,0,0,631,1417.00,49.87,"281,202",520.86,0,281291.00,631,1791,,
3/11/2023,0,0,0,631,1427.00,18.36,"282,745",521.33,0,282771.00,631,4354,,
3/12/2023,0,0,0,631,1575.00,21.17,"284,575",521.83,0,284607.00,631,5256,,
3/13/2023,0,0,0,632,1300.00,15.79,"285,869",522.23,0,285890.00,632,5305,,
3/14/2023,0,84,0,632,1364.00,19.29,"287,116",522.54,0,287144.00,632,5119,,
3/15/2023,0,101,0,600,1231.00,16.99,"288,133",522.85,0,288157.00,600,5167,,
3/16/2023,0,100,0,580,820.00,26.93,"288,358",522.92,0,288401.00,580,5625,,
3/17/2023,0,117,0,580,1340.00,19.56,"289,594",523.29,0,289623.00,580,6579,,
3/18/2023,0,100,0,580,1480.00,10.29,"291,161",523.70,0,291171.00,580,7043,,
3/19/2023,0,100,0,581,1988.00,14.42,"293,724",524.40,0,293743.00,581,7302,,
3/20/2023,0,100,0,583,1555.00,17.56,"295,419",524.91,0,295444.00,583,7522,,
3/21/2023,0,132,0,616,1123.00,24.10,"296,115",525.12,0,296153.00,616,7499,,
3/22/2023,0,149,0,662,1067.00,38.80,"296,546",525.25,0,296613.00,662,7596,,
3/23/2023,0,149,0,662,1785.00,8.96,"298,460",525.75,0,298468.00,662,7921,,
3/24/2023,0,165,0,662,1628.00,34.09,"299,981",526.21,0,300039.00,662,7964,,
3/25/2023,0,165,0,662,1821.00,24.43,"341,000",537.22,0,301943.00,662,7917,,Set-based on starting profile March 26th 2025
3/26/2023,0,165,0,671,1658.00,36.98,"342,557",537.57,0,303525.00,671,7948,,
3/27/2023,0,164,0,678,1006.00,7.42,"342,868",537.66,0,303777.00,678,8012,,
3/28/2023,0,164,0,679,1708.00,15.82,"344,552",538.12,0,305478.00,679,8015,,
3/29/2023,0,131,0,679,1757.00,17.42,"346,396",538.56,0,307325.00,679,7717,,
3/30/2023,0,114,0,680,2577.00,10.62,"349,911",539.50,0,310827.00,680,7526,,
3/31/2023,0,98,0,680,2529.00,18.83,"353,347",540.36,0,314279.00,680,7489,,
4/1/2023,0,130,0,1010,2783.00,26.29,"356,554",541.23,0,317923.00,797,7416,,
4/2/2023,0,130,0,1060,2507.00,24.33,"359,118",541.85,0,320737.00,932,7365,,
4/3/2023,0,129,0,1001,2379.00,27.81,"361,540",542.43,0,323303.00,932,7508,,
4/4/2023,0,194,0,910,2547.00,35.09,"364,332",543.17,0,325993.00,969,7577,,
4/5/2023,0,209,0,835,2320.00,25.86,"366,812",543.76,0,328137.00,995,7558,,
4/6/2023,0,234,0,810,2312.00,42.53,"369,243",544.34,0,330095.00,1065,7532,,
4/7/2023,0,260,0,730,2492.00,44.51,"372,134",545.10,0,332254.00,1101,7985,,
4/8/2023,0,193,0,750,2431.00,48.43,"374,989",545.78,0,334419.00,1102,8361,,
4/9/2023,0,159,0,950,2292.00,33.13,"377,270",546.31,0,336364.00,1104,8376,,
4/10/2023,0,158,0,950,2008.00,0.74,"379,053",546.77,0,337778.00,1104,8407,,
4/11/2023,0,229,0,950,2467.00,34.03,"381,540",547.35,0,340121.00,1056,8471,,
4/12/2023,0,235,0,950,2356.00,8.33,"383,847",547.94,0,342279.00,999,8452,,
4/13/2023,0,235,0,950,1809.00,46.05,"384,993",548.23,0,343401.00,1000,8399,,
4/14/2023,0,189,0,950,1899.00,26.24,"386,448",548.54,0,344716.00,1001,8400,,
4/15/2023,0,189,0,950,2157.00,14.59,"388,439",549.05,0,346582.00,1001,8395,,
4/16/2023,0,110,0,750,1481.00,39.92,"317,000",530.87,0,347283.00,1003,8436,,
4/17/2023,0,110,0,620,1408.00,29.76,"318,286",531.24,0,347789.00,1003,8431,,
4/18/2023,0,110,0,560,2384.00,33.39,"321,619",532.12,0,350251.00,1003,8382,,
4/19/2023,0,204,0,560,1439.00,22.75,"322,913",532.42,0,350643.00,1004,8564,,
4/20/2023,0,219,0,560,1641.00,18.90,"324,585",532.90,0,351427.00,1004,8663,,
4/21/2023,0,157,0,560,1550.00,24.95,"326,188",533.28,0,352054.00,1058,8187,,
4/22/2023,0,125,0,560,1861.00,14.78,"328,491",533.93,0,353270.00,1098,7764,,
4/23/2023,0,78,0,560,1941.00,42.12,"330,992",534.57,0,354645.00,1155,8218,,
4/24/2023,0,109,0,560,2001.00,40.33,"333,554",535.29,0,355942.00,1196,8668,,
4/25/2023,0,156,0,560,2567.00,42.13,"337,142",536.22,0,358270.00,1197,8611,,
4/26/2023,0,171,0,500,2549.00,32.23,"340,803",537.16,0,360525.00,1199,8698,,
4/27/2023,0,156,0,500,2150.00,35.88,"343,695",537.88,0,362036.00,1200,8804,,
4/28/2023,0,139,0,500,1939.00,34.04,"346,206",538.51,0,363151.00,1202,8792,,
4/29/2023,0,185,0,480,2023.00,45.21,"348,810",539.22,0,364226.00,1262,8540,,
4/30/2023,0,185,0,480,1935.00,35.85,"351,258",539.86,0,365023.00,1303,8605,,
5/1/2023,0,185,0,480,1726.00,35.18,"353,293",540.35,0,365424.00,1303,8682,,
5/2/2023,0,293,0,525,2097.00,48.20,"355,734",541.01,0,366346.00,1304,8571,,
5/3/2023,0,370,0,525,1702.00,52.69,"357,230",541.34,0,366306.00,1304,8463,,
5/4/2023,0,278,0,525,2221.00,55.87,"359,932",542.06,0,367469.00,1304,8387,,
5/5/2023,0,138,0,525,1884.00,46.52,"362,261",542.62,0,368110.00,1367,8156,,
5/6/2023,0,185,0,525,1934.00,54.70,"364,581",543.24,0,368712.00,1399,6970,,
5/7/2023,0,185,0,525,1806.00,30.53,"366,694",543.73,0,368913.00,1465,5866,,
5/8/2023,0,185,0,525,1531.00,35.52,"368,252",544.14,0,368551.00,1498,4461,,
5/9/2023,0,246,0,525,1901.00,53.00,"370,388",544.64,0,368792.00,1498,3503,,
5/10/2023,0,215,0,525,2254.00,37.35,"373,317",545.34,0,369760.00,1498,3062,,
5/11/2023,0,214,0,525,1892.00,41.14,"375,522",545.91,0,370043.00,1498,2212,,
5/12/2023,0,153,0,525,2405.00,42.01,"378,864",546.72,0,371455.00,1499,2587,,
5/13/2023,0,153,0,525,1999.00,43.86,"381,398",547.31,0,372060.00,1499,3459,,
5/14/2023,0,153,0,525,1716.00,54.81,"383,348",547.81,0,372100.00,1499,5581,,
5/15/2023,0,153,0,525,2340.00,51.29,"451,842",563.43,0,"451,842",,7796,,
5/16/2023,0,245,0,525,2370.00,53.18,"454,910",564.33,0,374492.00,1500,8530,,
5/17/2023,0,243,0,525,1961.00,32.75,"457,211",564.86,0,374817.00,1501,8507,,
5/18/2023,0,243,0,525,1326.00,32.55,"458,254",565.11,0,373923.00,1501,8483,,
5/19/2023,0,214,0,525,1501.00,46.23,"459,673",565.38,0,373436.00,1500,8741,,
5/20/2023,0,153,0,525,1433.00,51.14,"461,069",565.70,0,372908.00,1500,9338,,
5/21/2023,0,153,0,525,2175.00,52.73,"463,934",566.30,0,373842.00,1500,9553,,
5/22/2023,0,153,0,525,2833.00,41.37,"468,126",567.26,0,376076.00,1501,9404,,
5/23/2023,0,287,0,525,1769.00,79.13,"469,868",567.59,0,375873.00,1543,9459,,
5/24/2023,0,359,0,525,1485.00,58.44,"470,944",567.84,0,374776.00,1600,9520,,
5/25/2023,0,453,0,525,1579.00,51.74,"472,033",568.09,0,373720.00,1600,9553,,
5/26/2023,0,453,0,525,1776.00,47.55,"473,522",568.37,0,373070.00,1599,9486,,
5/27/2023,0,311,0,525,1713.00,46.56,"475,169",568.74,0,372585.00,1599,9489,,
5/28/2023,0,245,0,525,1585.00,38.89,"476,708",569.09,0,371979.00,1599,9494,,
5/29/2023,0,214,0,375,1505.00,50.89,"478,424",569.44,0,371293.00,1598,9511,,
5/30/2023,0,275,0,375,1639.00,44.06,"480,298",569.86,0,370728.00,1598,9564,,
5/31/2023,0,495,0,375,1709.00,34.04,"481,895",570.22,0,369881.00,1597,9598,,
6/1/2023,0,480,0,215,1928.00,69.88,"484,202",570.68,0,369518.00,1597,9585,,
6/2/2023,0,471,0,215,2158.00,52.05,"487,019",571.25,0,369558.00,1597,9235,,
6/3/2023,0,353,0,215,1819.00,44.21,"489,412",571.79,0,369195.00,1597,8633,,
6/4/2023,0,186,0,215,1685.00,48.37,"491,863",572.27,0,368913.00,1597,8680,,
6/5/2023,0,244,0,215,1726.00,55.54,"494,266",572.81,0,368591.00,1596,8801,,
6/6/2023,0,337,0,215,1746.00,60.21,"496,515",573.25,0,368110.00,1596,8064,,
6/7/2023,0,476,0,215,1930.00,48.53,"498,876",573.76,0,367709.00,1596,7629,,
6/8/2023,0,498,0,215,2082.00,54.70,"501,483",574.28,0,367589.00,1596,7630,,
6/9/2023,0,455,0,215,2182.00,54.20,"504,374",574.91,0,367669.00,1632,7068,,
6/10/2023,0,261,0,215,2060.00,80.56,"507,356",575.51,0,367750.00,1704,6651,,
6/11/2023,0,154,0,215,1999.00,63.71,"510,463",576.18,0,367870.00,1704,6685,,
6/12/2023,0,234,0,215,1860.00,59.38,"513,144",576.70,0,367589.00,1704,6060,,
6/13/2023,0,327,0,215,1868.00,62.38,"515,650",577.19,0,367148.00,1704,5594,,
6/14/2023,0,415,0,215,1755.00,57.88,"517,767",577.65,0,366346.00,1682,5042,,
6/15/2023,0,457,0,215,1878.00,62.04,"520,036",578.13,0,365785.00,1646,4625,,
6/16/2023,0,416,0,215,2306.00,31.86,"523,295",578.77,0,366146.00,1646,4053,,
6/17/2023,0,262,0,215,1596.00,50.20,"525,415",579.22,0,365464.00,1646,3615,,
6/18/2023,0,154,0,215,1286.00,48.00,"527,139",579.57,0,364345.00,1646,3034,,
6/19/2023,0,216,0,215,1127.00,50.84,"528,418",579.84,0,362792.00,1646,2613,,
6/20/2023,0,459,0,215,1390.00,63.97,"529,712",580.12,0,361279.00,1643,2634,,
6/21/2023,0,572,0,215,1379.00,68.46,"530,750",580.28,0,359496.00,1642,2645,,
6/22/2023,0,629,167,215,1489.00,45.26,"531,608",580.47,0,357597.00,1582,2628,,
6/23/2023,0,596,250,215,1456.00,61.29,"532,270",580.61,0,355863.00,1439,2603,,
6/24/2023,0,449,248,215,1516.00,60.45,"533,348",580.83,0,354724.00,1332,2612,,
6/25/2023,0,375,201,215,1344.00,67.17,"534,312",581.04,0,353545.00,1302,2609,,
6/26/2023,0,401,258,215,742.00,67.14,"533,917",580.95,0,350996.00,1301,3075,,
6/27/2023,0,583,517,215,1923.00,65.70,"534,993",581.18,0,350133.00,1191,5105,,
6/28/2023,0,696,575,215,1483.00,71.80,"534,844",581.15,0,348295.00,1073,6605,,
6/29/2023,0,774,534,215,1207.00,58.48,"534,101",580.99,0,346076.00,946,6596,,
6/30/2023,0,797,559,215,1328.00,73.85,"533,473",580.86,0,344290.00,814,6099,,
7/1/2023,0,547,604,215,1241.00,54.79,"533,116",580.79,0,342898.00,718,5610,,
7/2/2023,0,268,601,240,1320.00,49.49,"533,437",580.85,0,342357.00,669,5085,,
7/3/2023,0,315,701,240,964.00,43.49,"532,771",580.71,0,340928.00,619,4081,,
7/4/2023,0,478,733,240,770.00,51.89,"531,318",580.40,0,338777.00,600,3591,,
7/5/2023,0,610,668,240,1007.00,46.95,"530,211",580.23,0,337012.00,567,3608,,
7/6/2023,0,711,672,240,865.00,34.17,"528,640",579.89,0,334991.00,454,3607,,
7/7/2023,0,563,711,240,818.00,58.85,"527,142",579.57,0,333277.00,374,3398,,
7/8/2023,0,430,653,240,703.00,54.04,"525,806",579.29,0,331762.00,325,3097,,
7/9/2023,0,382,619,240,629.00,42.72,"524,507",579.03,0,330322.00,300,3098,,
7/10/2023,0,507,625,240,512.00,58.35,"522,685",578.64,0,328476.00,268,3112,,
7/11/2023,0,746,681,240,407.00,60.09,"520,067",578.14,0,325881.00,230,3117,,
7/12/2023,0,983,732,240,668.00,61.69,"517,392",577.57,0,323229.00,230,3023,,
7/13/2023,0,813,1033,240,1031.00,84.24,"515,132",577.13,0,321034.00,230,2286,,
7/14/2023,0,936,850,240,1351.00,64.74,"513,665",576.82,0,319550.00,229,4285,,
7/15/2023,0,765,860,240,989.00,62.79,"511,803",576.41,0,317702.00,231,1325,,
7/16/2023,0,669,875,240,1021.00,70.94,"510,149",576.11,0,316082.00,231,1376,,
7/17/2023,0,761,897,240,884.00,63.81,"508,011",575.65,0,313948.00,231,1577,,
7/18/2023,0,963,925,240,1182.00,63.86,"506,008",575.21,0,311963.00,231,1557,,
7/19/2023,0,1138,925,240,1048.00,70.02,"503,380",574.70,0,309367.00,230,1470,,
7/20/2023,0,1203,925,240,1161.00,58.49,"500,870",574.20,0,306854.00,230,2025,,
7/21/2023,0,1143,912,240,1321.00,71.87,"498,795",573.75,0,304826.00,230,1892,,
7/22/2023,0,911,918,240,1185.00,57.33,"496,928",573.34,0,302950.00,230,1697,,
7/23/2023,0,713,842,240,718.00,60.18,"494,673",572.90,0,300720.00,230,1242,,
7/24/2023,0,834,631,240,710.00,57.95,"492,584",572.43,0,298647.00,230,785,,
7/25/2023,0,1194,531,240,1419.00,53.84,"491,394",572.23,0,297469.00,230,262,,
7/26/2023,0,1396,552,240,925.00,66.00,"488,758",571.64,0,294877.00,230,-15,,
7/27/2023,0,1424,540,240,693.00,59.11,"485,644",571.00,0,291769.00,230,-15,,
7/28/2023,0,1371,528,240,1223.00,49.65,"483,729",570.58,0,289833.00,241,-15,,
7/29/2023,0,1134,493,240,1187.00,52.06,"482,277",570.25,0,288366.00,250,-15,,
7/30/2023,0,945,455,240,1033.00,52.46,"480,969",570.01,0,287039.00,250,-15,,
7/31/2023,0,1047,452,240,1327.00,51.70,"480,049",569.81,0,286098.00,250,-15,,
8/1/2023,0,1316,475,240,1044.00,58.25,"477,976",569.34,0,284018.00,250,-36,,
8/2/2023,0,1406,473,245,1194.00,54.70,"476,023",568.93,0,282048.00,250,-75,,
8/3/2023,0,1408,471,245,1559.00,58.34,"474,786",568.65,0,280809.00,250,-75,,
8/4/2023,0,1350,440,245,851.00,17.42,"472,403",568.17,0,278337.00,249,-75,,
8/5/2023,0,1097,380,245,484.00,-551.35,"471,041",567.86,0,275839.00,249,-75,,
8/6/2023,0,1431,346,245,19.00,50.53,"466,968",566.99,0,272951.00,249,-75,,
8/7/2023,0,902,370,245,62.00,58.12,"463,967",566.30,0,269711.00,249,-75,,
8/8/2023,0,1065,362,245,635.00,55.95,"461,799",565.87,0,267531.00,249,-75,,
8/9/2023,0,1358,324,245,909.00,45.25,"459,690",565.38,0,265393.00,249,-75,,
8/10/2023,0,1440,274,245,470.00,53.66,"456,630",564.73,0,262340.00,250,-75,,
8/11/2023,0,1404,82,245,443.00,42.76,"453,991",564.18,0,259671.00,249,-75,,
8/12/2023,0,1131,0,245,729.00,53.12,"452,602",563.85,0,258295.00,249,-76,,
8/13/2023,0,868,0,245,857.00,69.73,"451,956",563.70,0,257674.00,249,-72,,
8/14/2023,0,1044,0,245,736.00,56.21,"450,748",563.42,0,256431.00,249,-73,,
8/15/2023,0,1249,0,245,1291.00,38.87,"450,268",563.31,0,255909.00,249,-73,,
8/16/2023,0,1429,0,245,768.00,49.23,"448,373",562.92,0,254027.00,249,-73,,
8/17/2023,0,1472,0,245,1263.00,46.06,"447,382",562.69,0,253021.00,249,-73,,
8/18/2023,0,1420,0,245,1235.00,-216.28,"446,958",562.59,0,252053.00,257,-73,,
8/19/2023,0,1285,0,245,1354.00,48.58,"446,512",562.49,0,252085.00,269,-73,,
8/20/2023,0,689,0,245,1377.00,51.96,"447,288",562.67,0,252794.00,282,-73,,
8/21/2023,0,765,0,245,1418.00,52.82,"447,992",562.83,0,253411.00,290,-72,,
8/22/2023,0,997,0,245,1487.00,54.82,"448,370",562.92,0,253703.00,290,-72,,
8/23/2023,0,1313,0,245,1797.00,56.26,"448,732",563.01,0,253995.00,282,-65,,
8/24/2023,0,1622,0,245,1801.00,50.02,"448,502",562.95,0,253703.00,270,-56,,
8/25/2023,0,1772,0,245,1912.00,41.34,"448,212",562.88,0,253346.00,270,-57,,
8/26/2023,0,1622,0,245,1835.00,44.26,"448,060",562.85,0,253151.00,270,-57,,
8/27/2023,0,1210,0,245,1133.00,46.89,"447,329",562.68,0,252375.00,270,-57,,
8/28/2023,0,1110,0,245,1021.00,40.12,"446,587",562.50,0,251570.00,270,-49,,
8/29/2023,0,1221,0,245,1580.00,42.46,"446,729",562.54,0,251667.00,270,-37,,
8/30/2023,0,1365,0,245,1795.00,48.79,"446,999",562.60,0,251924.00,258,-18,,
8/31/2023,0,1467,0,245,1977.00,45.73,"447,434",562.70,0,252343.00,250,1,,
9/1/2023,0,1428,0,245,1821.00,59.95,"447,608",562.74,0,252536.00,250,0,,
9/2/2023,0,1118,0,230,1379.00,-194.64,"448,056",562.85,0,252439.00,250,14,,
9/3/2023,0,1011,0,230,2096.00,45.54,"449,661",563.22,0,254481.00,250,15,,
9/4/2023,0,803,0,230,1884.00,57.96,"451,234",563.53,0,256039.00,250,14,,
9/5/2023,0,1036,0,230,2201.00,55.91,"452,978",563.94,0,257739.00,250,14,,
9/6/2023,0,1310,0,230,2018.00,-187.52,"454,298",564.25,0,258491.00,273,14,,
9/7/2023,0,1598,0,230,3403.00,56.05,"457,311",564.89,0,261945.00,251,13,,
9/8/2023,0,1196,0,230,1986.00,59.69,"458,303",565.12,0,262903.00,251,12,,
9/9/2023,0,928,0,230,2323.00,30.10,"460,554",565.58,0,265028.00,264,12,,
9/10/2023,0,640,0,230,2624.00,49.12,"463,936",566.30,0,268368.00,270,12,,
9/11/2023,0,628,0,230,2389.00,5244.28,"456,571",564.72,0,271228.00,270,-10,,
9/12/2023,0,1024.74,0,230,2660.31,1174.56,"457,029",564.82,0,263574.58,253.49,-20,,
9/13/2023,0,1012.630769,0,230,2733.80,1261.12,"457,485",564.93,0,264159.34,252.5984615,-20,,
9/14/2023,0,1000.521538,0,230,2807.30,1347.67,"457,940",565.03,0,264744.10,251.7069231,-20,,
9/15/2023,0,988.4123077,0,230,2880.79,-8195.32,"477,492",569.23,0,265328.86,250.8153846,-20,,
9/16/2023,0,788,0,230,2735.00,36.29,"480,826",569.98,0,"284,919",260,-20,,
9/17/2023,0,472,0,230,2612.00,30.73,"484,553",570.76,0,"288,576",260,-20,,
9/18/2023,0,534,0,230,2736.00,10.04,"488,445",571.57,0,"292,367",260,-20,,
9/19/2023,0,836,0,230,2663.00,1.14,"491,610",572.22,0,"295,479",248,-20,,
9/20/2023,0,836,0,230,3179.00,41.80,"495,718",573.13,0,"299,646",241,-14,,
9/21/2023,0,793,0,230,3523.00,27.56,"500,622",574.15,0,"304,500",241,-5,,
9/22/2023,0,743,0,230,3668.00,35.14,"505,898",575.25,0,"309,769",241,-5,,
9/23/2023,0,577,0,230,3682.00,37.13,"511,527",576.35,0,"315,382",240,-5,,
9/24/2023,0,403,0,230,2227.00,40.81,"514,607",577.02,0,"318,476",227,-5,,
9/25/2023,0,470,0,230,1665.00,38.97,"516,444",577.36,0,"320,329",220,-19,,
9/26/2023,0,687,0,230,3312.00,42.00,"521,111",578.31,0,"325,022",220,-25,,
9/27/2023,0,837,0,230,3536.00,53.42,"525,903",579.31,0,"329,830",233,-25,,
9/28/2023,0,964,0,230,3571.00,39.91,"530,538",580.24,0,"334,419",240,-23,,
9/29/2023,0,913,0,230,3506.00,35.35,"535,155",581.22,0,"339,007",240,-25,,
9/30/2023,0,746,0,230,3100.00,33.64,"539,301",582.04,0,"343,130",240,-25,,
10/1/2023,1000,405,0,420,1298.00,32.81,"538,191",581.80,0,"343,942",450,-35,,
10/2/2023,0,505,0,400,842.00,29.30,"538,008",581.76,0,"343,633",460,-15,,
10/3/2023,0,711,0,400,440.00,33.80,"536,610",581.47,0,"342,125",460,-15,,
10/4/2023,0,793,0,400,1071.00,31.55,"536,305",581.41,0,"341,699",459,-15,,
10/5/2023,0,856,0,400,919.00,21.81,"535,593",581.26,0,"340,851",459,-15,,
10/6/2023,0,809,0,400,737.00,33.49,"534,591",581.10,0,"339,699",487,-16,,
10/7/2023,0,670,0,400,614.00,36.73,"533,614",580.89,0,"338,508",511,-15,,
10/8/2023,0,408,0,400,568.00,37.56,"533,063",580.77,0,"337,739",511,-15,,
10/9/2023,0,470,0,400,1108.00,34.58,"533,466",580.86,0,"337,970",484,-15,,
10/10/2023,0,674,0,400,870.00,34.99,"532,992",580.76,0,"337,356",471,-15,,
10/11/2023,0,806,0,400,408.00,30.33,"531,349",580.41,0,"335,563",471,-15,,
10/12/2023,0,881,0,400,498.00,38.01,"529,721",580.12,0,"333,809",471,-16,,
10/13/2023,0,867,0,400,955.00,37.08,"529,029",579.97,0,"332,974",471,-16,,
10/14/2023,0,655,0,400,901.00,25.18,"528,673",579.90,0,"332,482",457,-16,,
10/15/2023,0,382,0,400,838.00,21.65,"528,741",579.91,0,"332,444",450,-16,,
10/16/2023,0,419,0,400,814.00,24.86,"528,682",579.90,0,"332,292",450,-18,,
10/17/2023,0,662,0,400,793.00,20.67,"528,108",579.78,0,"331,610",450,-18,,
10/18/2023,0,704,0,400,792.00,43.27,"527,403",579.63,0,"330,853",449,-18,,
10/19/2023,0,704,0,400,986.00,26.26,"527,117",579.57,0,"330,436",449,-10,,
10/20/2023,0,659,0,400,924.00,40.07,"526,770",579.49,0,"330,019",449,2,,
10/21/2023,0,562,0,400,804.00,20.28,"526,416",579.42,0,"329,529",449,2,,
10/22/2023,0,384,0,400,398.00,28.28,"525,594",579.24,0,"328,626",449,1,,
10/23/2023,0,384,0,400,406.00,26.06,"524,793",579.09,0,"327,723",449,1,,
10/24/2023,0,561,0,400,486.00,132.00,"523,589",578.83,0,"326,632",449,1,,
10/25/2023,0,561,0,400,669.00,30.40,"522,949",578.70,0,"325,694",449,1,,
10/26/2023,0,697,0,400,1252.00,26.70,"523,204",578.75,0,"325,844",449,-14,,
10/27/2023,0,681,0,400,890.00,17.62,"522,790",578.66,0,"325,321",446,-22,,
10/28/2023,0,436,0,400,1374.00,23.45,"523,811",578.88,0,"326,256",449,-22,,
10/29/2023,0,273,0,400,996.00,22.61,"524,406",579.01,0,"326,632",510,-23,,
10/30/2023,0,322,0,400,752.00,17.26,"524,432",579.01,0,"326,369",540,1,,
10/31/2023,0,386,0,400,490.00,11.17,"523,822",578.88,0,"325,470",540,13,,
11/1/2023,0,386,0,440,71.00,12.46,"522,300",578.56,0,"323,752",540,-27,,
11/2/2023,0,386,0,420,279.00,12.19,"521,231",578.33,0,"322,444",540,-3,,
11/3/2023,0,224,0,420,15.00,13.46,"519,956",578.12,0,"320,960",527,6,,
11/4/2023,0,210,0,420,144.00,28.77,"518,935",577.90,0,"319,773",519,6,,
11/5/2023,0,162,0,420,304.00,10.39,"518,363",577.77,0,"318,994",506,5,,
11/6/2023,0,178,0,420,38.00,9.89,"517,233",577.53,0,"317,702",501,5,,
11/7/2023,0,97,0,420,428.00,1.77,"517,053",577.49,0,"317,371",488,5,,
11/8/2023,0,0,0,420,389.00,9.85,"516,972",577.48,0,"317,187",480,5,,
11/9/2023,0,0,0,420,268.00,2.42,"516,666",577.41,0,"316,745",481,5,,
11/10/2023,0,0,0,420,385.00,5.30,"516,586",577.39,0,"316,524",494,5,,
11/11/2023,0,75,0,420,61.00,13.88,"515,697",577.20,0,"315,492",501,5,,
11/12/2023,0,257,0,420,364.00,2.44,"515,072",577.12,0,"314,683",501,6,,
11/13/2023,0,161,0,420,127.00,12.34,"514,147",576.92,0,"313,617",501,8,,
11/14/2023,0,0,0,420,50.00,11.50,"513,390",576.76,0,"312,698",501,8,,
11/15/2023,0,107,0,420,379.00,13.56,"513,070",576.69,0,"312,221",501,8,,
11/16/2023,0,256,0,420,159.00,10.94,"512,023",576.46,0,"311,010",500,7,,
11/17/2023,0,255,0,420,48.00,11.59,"510,756",576.24,0,"309,586",500,8,,
11/18/2023,0,254,0,420,453.00,11.92,"510,294",576.14,0,"308,966",500,8,,
11/19/2023,0,190,0,420,168.00,13.90,"509,390",575.95,0,"307,907",500,10,,
11/20/2023,0,148,0,420,131.00,9.14,"508,505",575.75,0,"306,854",500,1,,
11/21/2023,0,63,0,420,231.00,6.59,"507,992",575.64,0,"305,261",500,-18,,
11/22/2023,0,184,0,420,15.00,13.61,"506,797",575.38,0,"303,921",500,-27,,
11/23/2023,0,146,0,420,43.00,19.21,"505,721",575.21,0,"302,698",500,-27,,
11/24/2023,0,58,0,420,251.00,19.01,"505,233",575.10,0,"302,051",500,-60,,
11/25/2023,0,47,0,420,105.00,13.38,"504,489",574.94,0,"300,972",583,-79,,
11/26/2023,0,88,0,420,71.00,15.71,"503,591",574.74,0,"299,682",620,-79,,
11/27/2023,0,81,0,420,86.00,15.26,"502,737",574.56,0,"298,433",619,-149,,
11/28/2023,0,170,0,420,84.00,7.47,"501,719",574.33,0,"296,933",655,-209,,
11/29/2023,0,247,0,420,273.00,11.35,"500,915",574.21,0,"295,621",680,-209,,
11/30/2023,0,144,0,420,372.00,0.76,"500,532",574.13,0,"294,700",681,-209,,
12/1/2023,0,62,0,475,807.00,19.96,"501,028",574.24,0,"294,877",655,-274,,
12/2/2023,0,62,0,465,653.00,1.12,"501,276",574.24,0,"294,770",625,-274,,
12/3/2023,0,72,0,465,517.00,1.04,"501,234",574.23,0,"294,381",640,-275,,
12/4/2023,0,0,0,465,1302.00,4.72,"502,885",574.59,0,"295,692",640,-275,,
12/5/2023,0,81,0,465,1216.00,7.56,"504,199",574.87,0,"296,720",612,-268,,
12/6/2023,0,0,0,465,630.00,3.18,"504,520",574.94,0,"296,826",569,-260,,
12/7/2023,0,0,0,465,914.00,7.96,"505,395",575.14,0,"297,504",569,-204,,
12/8/2023,0,0,0,465,1360.00,11.60,"507,147",575.46,0,"299,075",560,-183,,
12/9/2023,0,114,0,465,1628.00,114.79,"509,000",575.86,0,"300,972",546,-183,,
12/10/2023,0,83,0,465,2049.00,10.79,"511,956",576.45,0,"303,561",546,-183,,
12/11/2023,0,0,0,465,2218.00,8.03,"515,417",577.19,0,"306,854",547,-102,,
12/12/2023,0,0,0,465,1822.00,3.72,"518,101",577.72,0,"309,367",547,-71,,
12/13/2023,0,117,0,465,2033.00,7.54,"520,964",578.27,0,"312,075",547,-41,,
12/14/2023,0,75,0,465,2502.00,7.45,"524,841",579.10,0,"315,787",548,-41,,
12/15/2023,0,65,0,465,2200.00,5.18,"528,143",579.79,0,"318,920",548,-41,,
12/16/2023,0,65,0,465,2194.00,1.94,"531,440",580.43,0,"321,998",572,-40,,
12/17/2023,0,66,0,465,3140.00,0.67,"536,613",581.47,0,"326,933",584,-41,,
12/18/2023,0,66,0,465,2628.00,1.83,"540,769",582.34,0,"330,853",585,-41,,
12/19/2023,1000,67,0,465,2938.00,-0.35,"543,558",582.93,0,"335,334",610,-54,,
12/20/2023,1000,67,0,465,3417.00,3.07,"547,291",583.72,0,"340,698",646,-59,,
12/21/2023,1000,68,0,465,2646.00,5.04,"549,489",584.18,0,"344,522",647,-59,,
12/22/2023,33875.84386,68,0,465,3015.00,-0.25,"487,221",571.30,0,"349,074",647,-61,,
12/23/2023,0,69,0,465,2259.00,0.33,"490,641",572.06,0,"352,133",648,-61,,
12/24/2023,0,69,0,465,1766.00,4.14,"493,077",572.54,0,"354,213",648,-60,,
12/25/2023,0,69,0,465,1652.00,15.01,"495,265",573.03,0,"356,099",628,-60,,
12/26/2023,0,70,0,465,2208.00,1.08,"498,581",573.70,0,"359,100",610,-60,,
12/27/2023,0,23,0,465,1508.00,10.40,"500,583",574.14,0,"360,881",586,-58,,
12/28/2023,0,0,0,465,2075.00,-0.02,"503,777",574.78,0,"363,907",539,-58,,
12/29/2023,0,0,0,465,3048.00,4.57,"508,891",575.84,0,"368,953",504,-58,,
12/30/2023,0,188,0,465,2141.00,17.29,"511,808",576.41,0,"371,818",504,-58,,
12/31/2023,0,328,0,465,5717.00,6.52,"521,562",578.40,0,"381,471",505,-45,,
,,,,430,,,,,,,,,,
,,,,400,,,,,,,,,,
,,,,400,,,,,,,,,,
,,,,400,,,,,,,,,,
,,,,400,,,,,,,,,,
,,,,400,,,,,,,,,,
,,,,400,,,,,,,,,,
,,,,400,,,,,,,,,,
,,,,400,,,,,,,,,,
,,,,400,,,,,,,,,,
,,,,400,,,,,,,,,,
,,,,400,,,,,,,,,,
,,,,400,,,,,,,,,,
,,,,400,,,,,,,,,,
,,,,400,,,,,,,,,,
,,,,400,,,,,,,,,,
,,,,400,,,,,,,,,,
,,,,400,,,,,,,,,,
,,,,400,,,,,,,,,,
,,,,400,,,,,,,,,,
,,,,400,,,,,,,,,,
,,,,400,,,,,,,,,,
,,,,400,,,,,,,,,,
,,,,400,,,,,,,,,,
,,,,400,,,,,,,,,,
,,,,400,,,,,,,,,,
,,,,400,,,,,,,,,,
,,,,400,,,,,,,,,,
,,,,400,,,,,,,,,,
,,,,400,,,,,,,,,,
,,,,400,,,,,,,,,,
,,,,400,,,,,,,,,,
,,,,410,,,,,,,,,,
,,,,410,,,,,,,,,,
,,,,410,,,,,,,,,,
,,,,410,,,,,,,,,,
,,,,410,,,,,,,,,,
,,,,410,,,,,,,,,,
,,,,410,,,,,,,,,,
,,,,410,,,,,,,,,,
,,,,410,,,,,,,,,,
,,,,410,,,,,,,,,,
,,,,410,,,,,,,,,,
,,,,410,,,,,,,,,,
,,,,410,,,,,,,,,,
,,,,410,,,,,,,,,,
,,,,410,,,,,,,,,,
,,,,410,,,,,,,,,,
,,,,410,,,,,,,,,,
,,,,410,,,,,,,,,,
,,,,410,,,,,,,,,,
,,,,410,,,,,,,,,,
,,,,410,,,,,,,,,,
,,,,410,,,,,,,,,,
,,,,410,,,,,,,,,,
,,,,410,,,,,,,,,,
,,,,410,,,,,,,,,,
,,,,410,,,,,,,,,,
,,,,410,,,,,,,,,,
